Inputs;;;;;;;Outputs;;;;;
Flow UUID;Flow;Category;Sub-category;Unit;Result;;Flow UUID;Flow;Category;Sub-category;Unit;Result
08a91e70-3ddc-11dd-93f0-0050c2490048;Aggregate, natural;Resource;in ground;kg;0,352602321;;0f54a3c3-f4fc-421a-8e5d-e2c207fce5d0;(Aminooxy)(hydroxy)sulfane dioxide;Emission to soil;industrial;kg;1,63994E-14
fe0acd60-3ddc-11dd-aaa4-0050c2490048;Air;Resource;in air;kg;1939,848097;;e87f039d-d9ce-4242-ac18-c9284cc80f3d;1,1,1,2-Tetrafluoroethane;Emission to air;unspecified;kg;1,32152E-06
a4b01216-5a08-4078-b5fd-16e437929eb9;Aluminium III;Resource;in ground;kg;0,165542099;;fa0c2bee-8dd9-4f8a-8489-b1f3b43de958;1,1,1,2-Tetrafluoroethane;Emission to air;high population density;kg;4,27876E-07
6df9ea09-115a-4678-9f30-d92c877a46ec;Anhydrite;Resource;in ground;kg;4,98851E-07;;16fcd4f9-0bb8-4b84-8334-3ffb1a17aa74;1,1,1,2-Tetrafluoroethane;Emission to air;low population density;kg;2,58053E-07
47262180-8308-5d4c-9332-c77617e032ef;Antimony;Resource;in ground;kg;5,84151E-14;;99585564-bfce-4845-9aaa-2f24b8f26a41;1,1,1-Trichloroethane;Emission to air;low population density;kg;1,01557E-09
9dcebf82-e6b3-400d-98bb-353ac079cbe1;Antimony ion;Resource;in ground;kg;4,18201E-09;;ce6294f5-2ed7-46ee-a967-33e265e34455;1,1,1-Trichloroethane;Emission to air;unspecified;kg;5,87877E-10
08a91e70-3ddc-11dd-97f9-0050c2490048;Barite;Resource;in ground;kg;0,854723623;;c8e5538f-17a1-4f62-aa64-39a91adb5cd3;1,1,1-Trichloroethane;Emission to water;unspecified;kg;1,98403E-18
a6f520ba-97fe-411f-9a62-3338195595ee;Basalt;Resource;in air;kg;2,8421E-06;;df56b189-6a5d-4d91-a378-4e5ba1e53dff;1,1,2,2-Tetrachloroethane;Emission to air;unspecified;kg;6,5766E-10
ac3a8914-35f0-4c34-a956-f26b3a053e4a;Basalt;Resource;in ground;kg;0,157981482;;f43d0aea-fb0d-4dff-a86f-b0855772059f;1,1,2,2-Tetrachloroethane;Emission to water;unspecified;kg;3,3588E-12
4c8b42bd-8911-49ab-b937-f3679759cca6;Basalt;Resource;biotic;kg;7,59258E-10;;8b643480-8423-4eeb-a78c-d3b3ad9cd1a9;1,1,2,2-Tetrachloroethane;Emission to water;fresh water;kg;2,87082E-15
733b2c7c-60ef-4c1b-b9cb-c010e3fd2275;Bauxite;Resource;in ground;kg;0,034282861;;cacfd448-6c2d-4061-9363-fd506b979f25;1,1,2-Trichloro-1,2,2-trifluoroethane;Emission to air;unspecified;kg;3,33545E-08
4aa7d05c-1cc7-4468-a017-e17ce80581b8;Biotic Production;Resource;land;kg/a;0,001909237;;9b132374-dce2-4ce0-86aa-53201b30f617;1,1,2-Trichloro-1,2,2-trifluoroethane;Emission to air;high population density;kg;5,85339E-09
0a1535df-c1a6-4cb9-bc4d-b5d71b8e7d6a;Biotic Production;Resource;land;kg;0,257635877;;ece68c56-e5e2-4190-baa3-53582c6d78f9;1,1-Dichloroethylene;Emission to air;unspecified;kg;5,35042E-11
eead2933-c2be-4a53-a0bd-bd33b67e4145;Borax;Resource;in ground;kg;1,59957E-05;;393d0862-04cc-45ae-8d08-9dc2a4461b35;1,1-Difluoroethane;Emission to air;high population density;kg;6,56347E-05
094ded20-e873-4338-8d81-b570a1d65acc;Boron;Resource;in ground;kg;1,11103E-19;;1c4a106a-53bc-40f5-bcae-d30ab191dbfe;1,1-Difluoroethane;Emission to air;low population density;kg;2,79491E-08
45d6f26b-596b-5182-8c08-d6d975ff4efe;Bromine;Resource;in water;kg;4,11765E-06;;1584734d-c5c8-42a5-aa51-0f6a92a9cc0d;1,2-Dichloro-1,1,2,2-tetrafluoroethane;Emission to air;low population density;kg;4,6148E-06
bf377e4f-3a95-4ce2-a9ba-66ee31f00f60;Cadmium;Resource;in ground;kg;4,74043E-06;;8a3a44e4-e2f1-476d-9e9e-a90fda263fe3;1,2-Dichloro-1,1,2,2-tetrafluoroethane;Emission to air;unspecified;kg;2,68978E-05
093ee058-47f9-3e35-8fef-0cd2f536f7b0;Calcite;Resource;in ground;kg;6,186072421;;eedd7e43-c79d-43c7-8643-245686e47dba;1,2-Dichlorobenzene;Emission to water;unspecified;kg;8,14143E-14
600b1c44-b10d-4a1e-8426-62779c118d34;Calcium carbonate;Resource;in ground;kg;198,8081275;;5aa1acb8-2256-4929-ab99-0f0feff8d459;1,2-DICHLOROETHYLENE;Emission to air;unspecified;kg;2,99593E-09
08a91e70-3ddc-11dd-97ec-0050c2490048;Calcium chloride;Resource;in ground;kg;2,79482E-09;;51441562-7069-40f8-84f9-cca66f72af6d;1,4-Butanediol;Emission to water;fresh water;kg;4,54567E-09
cc6a1abb-b123-4ca6-8f16-38209df609be;Carbon dioxide, in air;Resource;in air;kg;44,57907468;;09db39be-d9a6-4fc3-8d25-1f80b23e9131;1,4-Butanediol;Emission to air;unspecified;kg;2,6481E-14
8c2fe757-6866-4ed2-9f89-81012ad774a0;Carbon, in organic matter, in soil;Resource;in ground;kg;0,001028922;;38a622c6-f086-4763-a952-7c6b3b1c42ba;1,4-Butanediol;Emission to air;high population density;kg;1,13641E-08
4057f8b4-f20a-59c9-9bb7-fdeaf5ad106d;Cerium;Resource;in ground;kg;5,05573E-05;;541a823c-0aad-4dc4-9123-d4af4647d942;1-Pentanol;Emission to air;high population density;kg;1,78644E-10
e189e2d4-3d3f-4ada-b302-91611784311f;Chromium;Resource;in ground;kg;0,048940819;;abeab09e-eb0a-45f4-8a24-5726244d87dd;1-Pentanol;Emission to water;fresh water;kg;4,28749E-10
08a91e70-3ddc-11dd-9f78-0050c2490048;Chromium III;Resource;in ground;kg;1,880069659;;ccfea48e-0aec-4573-8ed1-fb7c0f1b14ae;1-Pentene;Emission to air;low population density;kg;3,73463E-11
c5f5aeb8-7558-4a0c-9594-27621b9cfbc5;Chrysotile;Resource;in ground;kg;9,38351E-06;;8cbaa905-41b0-4327-8403-bf1c8eb25429;1-Pentene;Emission to air;high population density;kg;1,81229E-10
15545dca-018d-4f7f-aa1f-796b707180af;Cinnabar;Resource;in ground;kg;8,98247E-07;;4186494b-58c3-4e33-a0fc-48a9e917968d;1-Pentene;Emission to water;fresh water;kg;3,23999E-10
f509a295-e2a2-37cb-b61e-94807d9be413;Clay;Resource;in ground;kg;0,334687296;;f681eb3c-854a-4f78-bcfe-76dfbcf9df3c;2,4-D;Emission to soil;agricultural;kg;2,50858E-06
93806a54-46f5-409c-99c5-4144a1e73b5d;Clay, bentonite;Resource;in ground;kg;1,042472957;;e4f501bb-02e2-4562-be3c-5a047b6d2581;2,4-Dichlorophenol;Emission to air;high population density;kg;9,23604E-10
f7519ca9-5ffc-41c3-a33e-806da82cfc0e;Clay, unspecified;Resource;in ground;kg;11,287782;;4a094654-0a37-4492-87cb-5065366d9bc4;2-Aminopropanol;Emission to water;fresh water;kg;3,31717E-10
024c9722-1e88-412b-8c4b-10c532be8dca;Coal, brown;Resource;in ground;kg;115,4242652;;a0fec60d-3f74-48bf-a2d2-58c30fc13e53;2-Aminopropanol;Emission to air;high population density;kg;1,37787E-10
b6d0042d-0ef8-49ed-9162-a07ff1ccf750;Coal, hard;Resource;in ground;kg;44,22463298;;9e9d143b-f89b-335a-9f04-835f7354a85e;2-Butene, 2-methyl-;Emission to water;unspecified;kg;4,92037E-12
d0779a5e-6969-4144-954e-ceb81fb83f15;Cobalt;Resource;in ground;kg;9,29137E-06;;5011a495-2f22-3cfd-ac96-85b74c2ad089;2-Butene, 2-methyl-;Emission to air;unspecified;kg;1,91343E-19
ec72c523-9e1a-466a-98c3-e4098e90fd27;Colemanite;Resource;in ground;kg;1,113907372;;60268f3d-468b-487e-acb1-24d7250cb6b3;2-Chloro-1,1,1,2-tetrafluoroethane;Emission to air;unspecified;kg;3,33557E-08
fe0acd60-3ddc-11dd-ae5c-0050c2490048;Copper ion;Resource;in ground;kg;0,006134319;;febf61e5-5772-4a92-a047-bfca7965395b;2-Methyl-1-propanol;Emission to water;fresh water;kg;1,15806E-09
1aee4aa7-32e0-48e7-a6b5-73d8acf672d3;Copper, 0.52% in sulfide, Cu 0.27% and Mo 8.2E-3% in crude ore;Resource;in ground;kg;7,11427E-08;;79a87f98-0b00-4e7e-86f8-70667307f696;2-Methyl-2-butene;Emission to air;high population density;kg;2,05012E-12
79df5650-160a-4ab7-a14f-cc8162877f4a;Copper, 0.99% in sulfide, Cu 0.36% and Mo 8.2E-3% in crude ore;Resource;in ground;kg;0,011229697;;90d374f1-b739-45b2-a734-d6bdd8c8dc9c;2-Nitrobenzoic acid;Emission to air;high population density;kg;1,93895E-10
31998285-fb5c-411d-b853-ce78be2a0b49;Copper, 1.18% in sulfide, Cu 0.39% and Mo 8.2E-3% in crude ore;Resource;in ground;kg;0,057951781;;2ccc4997-63d8-4f5f-8f4c-711080d7bd9b;2-Propanol;Emission to water;fresh water;kg;1,33493E-09
c8f18160-6937-4bb9-ad0c-dffa942ca41e;Copper, 1.42% in sulfide, Cu 0.81% and Mo 8.2E-3% in crude ore;Resource;in ground;kg;0,015372307;;b593169f-9d42-35e2-a4c0-d89e2109440f;4,4'-Biphenol;Emission to air;unspecified;kg;2,12132E-20
b569dc97-52fe-4e39-9627-183b1002c287;Copper, 2.19% in sulfide, Cu 1.83% and Mo 8.2E-3% in crude ore;Resource;in ground;kg;0,07655507;;f9d36529-abde-4ed2-a82c-d365ae2c713f;4-Methyl-2-pentanone;Emission to water;unspecified;kg;6,04485E-15
9877ce00-65f8-4c0c-9fcf-92aa53a2c9c0;Diatomite;Resource;in ground;kg;9,092E-09;;922a7ccf-3338-43ad-bd7e-77d51df051ab;Acenaphthene;Emission to air;low population density;kg;2,58921E-11
c7aee986-b7d8-4ad9-ad45-1ac0d68e6b78;Dolomite;Resource;in ground;kg;16,83210859;;1f4afa32-a9a2-40da-8396-104452cb637f;Acenaphthene;Emission to air;unspecified;kg;1,41203E-13
bb7aa805-00c6-416a-9e93-4ee7b33671da;Energy, from coal;Resource;in ground;MJ;1728,377573;;a6ad3fc7-c019-454f-a899-43be7913a598;Acenaphthene;Emission to water;ocean;kg;6,2358E-07
7045c96d-7cef-33cf-8f3d-cf7198b6faab;Energy, from coal, brown;Resource;in ground;MJ;574,9497967;;99c07b66-c039-4896-866d-06abdaa9d46a;Acenaphthene;Emission to air;high population density;kg;1,39983E-10
334b9535-0044-302f-965a-26e6167e7b60;Energy, from gas, natural;Resource;in ground;MJ;33740,39759;;a9d521d5-fe73-4726-830a-9d9aa0356b92;Acenaphthene;Emission to water;fresh water;kg;7,57467E-08
c3ae56cd-b714-330e-a5f5-bfba53fd3b06;Energy, from hydro power;Resource;in water;MJ;2,614E-16;;63e76212-8549-11e0-9d78-0800200c9a66;Acenaphthylene;Emission to air;unspecified;kg;4,89446E-13
65b57348-143d-3f95-9229-9c6999296d04;Energy, from oil;Resource;in ground;MJ;2026,307337;;c6e27975-c0a0-4189-ac1d-068f47a7b629;Acenaphthylene;Emission to water;fresh water;kg;2,37085E-08
6a85f9e5-cf4d-34c9-92ef-dd91b5d95b95;Energy, from peat;Resource;unspecified;MJ;10,02380302;;9dc481e4-e4cd-4cb1-a03e-d539f774e958;Acenaphthylene;Emission to water;ocean;kg;2,17324E-07
8d846589-ed6a-3f95-ad4a-4bd969a36ffb;Energy, from peat;Resource;in ground;MJ;3,46051E-07;;fc9f9a81-c4b9-4dce-bc20-9f04e05ca2f1;Acetaldehyde;Emission to air;low population density;kg;1,37256E-05
d3d3143a-93e0-346f-b750-7b8057c48b4c;Energy, from uranium;Resource;in ground;MJ;0,101342834;;4b51a9d0-4100-49c1-8d47-ec47eb51c58a;Acetaldehyde;Emission to water;unspecified;kg;2,47863E-07
f54b7f8d-f473-495e-8fc4-637859ab6e3a;Energy, geothermal, converted;Resource;unspecified;MJ;1,51701E-06;;e3e8f6a2-c45e-4685-9859-698b2eadaf5b;Acetaldehyde;Emission to air;unspecified;kg;9,40723E-05
8bc09c04-2190-4ee2-9ee2-ae988ccd4e0c;Energy, geothermal, converted;Resource;in ground;MJ;0,000316709;;5ad58fcc-e9ba-4155-a3c9-e4ffb3065a6f;Acetaldehyde;Emission to air;high population density;kg;3,97138E-05
01c12fca-ad8b-4902-8b48-2d5afe3d3a0f;Energy, gross calorific value, in biomass;Resource;biotic;MJ;333,0787355;;96f27de7-48e1-4f60-8359-1eafdb14a72a;Acetaldehyde;Emission to water;fresh water;kg;1,16379E-06
8842042d-7f07-45f8-bf43-fa83833d75de;Energy, gross calorific value, in biomass, primary forest;Resource;biotic;MJ;0,09549284;;eb23cf3a-b866-458d-94b3-9aee4145fcc9;Acetamide;Emission to soil;agricultural;kg;3,67873E-10
57c71b25-4663-4fad-9167-7ce5be3e8268;Energy, kinetic (in wind), converted;Resource;in air;MJ;743,8069906;;ba6ccdc7-da30-45fd-8215-babbf046cd3e;Acetic acid;Emission to water;fresh water;kg;2,85146E-05
c0dd7ccd-9e7a-42b3-b899-dfd18c2150ca;Energy, potential (in hydropower reservoir), converted;Resource;in water;MJ;537,4559406;;b9b68c0c-053e-41de-ab72-8dfe1c3f5755;Acetic acid;Emission to air;high population density;kg;0,000117611
f85eb4eb-3342-4283-a8ad-4d2c94e5aae2;Energy, primary, from geothermal;Resource;in ground;MJ;11,53011788;;c5cc0625-6e01-4639-b053-5d1d9d22a53c;Acetic acid;Emission to air;low population density;kg;2,2224E-05
f92cd1d9-f342-43b4-8d38-a787c945c0d5;Energy, primary, from solar energy;Resource;in air;MJ;73,35784749;;18452b50-8c57-41d2-bbdd-37996c455771;Acetic acid;Emission to water;ocean;kg;1,2444E-06
5bc2536a-5cb4-4c7a-9495-b21acd99ff9d;Energy, primary, from water power;Resource;in water;MJ;265,3453666;;d157416d-db9b-4f88-a7f3-a9a5f1ea88f2;Acetic acid;Emission to air;unspecified;kg;0,000407671
04202049-6556-11dd-ad8b-0800200c9a66;Energy, primary, from waves;Resource;in water;MJ;2,98079E-05;;9cf5cb40-6129-4fed-8fed-23026538289f;Acetochlor;Emission to water;fresh water;kg;3,44955E-19
c6e7e174-ff4e-4c4f-b727-f448389db0c8;Energy, primary, from wind power;Resource;in air;MJ;77,85912268;;92ee2fc1-238c-465d-9887-418af42db9c7;Acetochlor;Emission to soil;agricultural;kg;2,16335E-08
a7ff17d4-d3fe-4a70-9f2e-392b34630772;Energy, solar, converted;Resource;in air;MJ;358,504174;;edf1afb4-95cd-4482-b00d-6c814e08c807;Acetochlor;Emission to air;unspecified;kg;5,5194E-18
df79428f-f7f6-4788-8971-8c959827ed82;Erosion Resistance;Resource;land;kg;0,059784332;;f3d5fd96-8805-4d3d-867a-5df27975b07f;Acetone;Emission to air;unspecified;kg;6,00503E-05
a093e2a2-efa8-49a2-bdcd-d700cf9466e5;Erosion Resistance;Resource;land;kg/a;0,000179711;;7a2d7097-20c4-4b5f-b2ee-bcfc2ba1378f;Acetone;Emission to air;low population density;kg;0,000261716
3d73ec21-de4d-5b68-b504-4ef59e15bd0e;Europium;Resource;in ground;kg;1,26664E-07;;d78a3d22-4bed-4ad3-8a9c-1cc4645188d0;Acetone;Emission to water;unspecified;kg;1,44076E-14
26296ec9-ff93-41e6-bbbf-6175af04284d;Feldspar;Resource;in ground;kg;2,09248E-07;;4b6f838f-fde2-4f2b-9dc9-87e39a52b94e;Acetone;Emission to water;fresh water;kg;1,14593E-09
3048af84-1d72-5e3f-a739-b2d7fa7d4773;Fluorine;Resource;in ground;kg;0,000442645;;1f130425-11f9-4ec2-8d2f-d282acaacf5c;Acetone;Emission to air;high population density;kg;6,77661E-05
355785ee-56e0-455b-aaa6-bee43c82b49c;Fluorine, 4.5% in apatite, 3% in crude ore;Resource;in ground;kg;0,000382798;;5ba194c6-30c2-44fc-ae03-c992b88c9c73;Acetonitrile;Emission to water;fresh water;kg;1,92609E-10
08a91e70-3ddc-11dd-97f7-0050c2490048;Fluorspar;Resource;in ground;kg;0,027439321;;ff45a199-18e0-4777-886b-e2d0422d2f82;Acetonitrile;Emission to air;unspecified;kg;1,43049E-10
f55e2203-ef91-50bf-8f5a-119bb210522c;Gadolinium;Resource;in ground;kg;3,16118E-07;;f7553ef8-e4f3-4b9c-98be-81fa36315648;Acetonitrile;Emission to air;low population density;kg;9,29962E-07
0878c1c6-4c1d-4f90-a2de-a9383855d5c6;Gallium;Resource;in ground;kg;4,24236E-07;;bbf4d3e7-ac9e-4d6e-9da0-fe15ba3e5fd6;Acetyl chloride;Emission to water;fresh water;kg;3,3681E-10
a76ab6e5-c67b-35b1-963a-5dc06af130e4;Gas, mine, off-gas, process, coal mining/m3;Resource;in ground;m3;0,428712995;;1a13d6e7-45c9-427a-a3c9-38887ce7b86a;Acetylene;Emission to air;high population density;kg;4,08307E-06
7c337428-fb1b-45c7-bbb2-2ee4d29e17ba;Gas, natural;Resource;in ground;m3;36,11725116;;e64254e3-07d3-4330-b6de-6a858f108124;Acetylene;Emission to air;low population density;kg;2,27028E-06
fe0acd60-3ddc-11dd-a2bf-0050c2490048;Gold;Resource;in ground;kg;5,93584E-08;;42a2f3e7-5393-4a69-9b0b-f70a9139ee24;Acetylene;Emission to air;unspecified;kg;1,04932E-05
d080e6a4-42c6-484e-b5d7-d74693aec7d9;Gold;Resource;in ground;kg;2,68939E-07;;6277bb68-8dde-36f6-8d89-f588c0720ccc;Acetylene, dichloro-;Emission to air;unspecified;kg;1,24228E-07
ff741136-d6ee-444a-a15b-3b308e376db8;Gold, Au 1.1E-4%, Ag 4.2E-3%, in ore;Resource;in ground;kg;1,22487E-07;;27c7cf05-a12b-3dfb-ac83-863c0716ad29;Acetylene, dichloro-;Emission to air;high population density;kg;8,07256E-11
7cd1d217-70a7-4452-abc4-3b1100763d6d;Gold, Au 1.3E-4%, Ag 4.6E-5%, in ore;Resource;in ground;kg;2,24614E-07;;25ca862e-55b9-3922-ad34-8191dbe5dd0f;Acidity, unspecified;Emission to soil;industrial;kg;4,02142E-20
2d65a3f7-2a10-4a10-ac9e-a0cc7cd57979;Gold, Au 2.1E-4%, Ag 2.1E-4%, in ore;Resource;in ground;kg;4,10776E-07;;e1ea501a-7c9f-4cc6-a194-22543ab1b941;Acidity, unspecified;Emission to water;fresh water;kg;0,000187853
95268685-7bea-4883-a412-119d7e88372c;Gold, Au 4.3E-4%, in ore;Resource;in ground;kg;1,01807E-07;;29066274-6556-11dd-ad8b-0800200c9a66;Acidity, unspecified;Emission to air;unspecified;kg;8,2019E-08
8c888d2b-d608-4dac-bad5-1c2a17050838;Gold, Au 4.9E-5%, in ore;Resource;in ground;kg;2,4384E-07;;b37294bd-947d-4f35-b9e6-3eb259c05ff5;Acidity, unspecified;Emission to water;unspecified;kg;6,03672E-07
3eece329-cf79-4167-93c2-b8d7d7eb5058;Gold, Au 6.7E-4%, in ore;Resource;in ground;kg;3,77505E-07;;dc64ecac-a65f-4d9a-9de6-557f1135659f;Aclonifen;Emission to soil;agricultural;kg;1,29316E-07
d28f9d42-5df5-41c3-be59-fdfa7ff57112;Gold, Au 7.1E-4%, in ore;Resource;in ground;kg;4,25675E-07;;d896ced7-a107-4017-b284-d95a8ef3e735;Acrolein;Emission to air;unspecified;kg;1,25186E-05
cf3d3dbc-0e4b-402d-92a1-8ea6b4869ed5;Gold, Au 9.7E-4%, Ag 9.7E-4%, Zn 0.63%, Cu 0.38%, Pb 0.014%, in ore;Resource;in ground;kg;2,55074E-08;;12840cef-c3b8-4ef2-b7d4-3a73dbd6a280;Acrolein;Emission to air;low population density;kg;2,74463E-06
a4375a18-172c-4f82-90b7-bca972f75548;Granite;Resource;in ground;kg;3,07404E-09;;7ed6dc0d-9c2e-4046-a44b-e8a708c2081e;Acrolein;Emission to air;high population density;kg;5,86908E-07
5666353e-2db2-41d3-8414-404709151422;Graphite;Resource;in ground;kg;1152,63297;;43ea452a-a55c-3abc-ac05-8702536a1749;Acrylate;Emission to water;unspecified;kg;7,33571E-07
238f8ea9-98df-41dc-ab93-ea5b549a0b96;Gravel;Resource;in ground;kg;23,36502967;;faca26d7-b953-4dd6-94a9-7b8975452e1c;Acrylic acid;Emission to air;unspecified;kg;2,68036E-20
d8e5cb63-6a69-4b8f-a840-a55406a5f7fa;Groundwater Replenishment;Resource;land;(mm*m2)/a;0,250551318;;42f51ad5-6190-4641-b961-f411310554e9;Acrylic acid;Emission to air;high population density;kg;3,09948E-07
e3c8d565-1934-43c0-9967-99a353122d71;Groundwater Replenishment;Resource;land;mm*m2;57,02879243;;c25abc19-d0c4-4246-b6d6-a4418f673bb0;Acrylonitrile;Emission to water;fresh water;kg;9,78059E-09
11a2a7b1-ab2f-47b8-9e29-6f33d5207fa6;Gypsum;Resource;in ground;kg;0,0452931;;08a91e70-3ddc-11dd-91ae-0050c2490048;Acrylonitrile;Emission to air;unspecified;kg;1,98572E-17
e5cbe371-d33e-46ef-a832-a176f5e28520;Indium, 0.005% in sulfide, In 0.003%, Pb, Zn, Ag, Cd;Resource;in ground;kg;1,04977E-06;;34550110-0552-46d2-b07d-6b9599892278;Actinides, radioactive, unspecified;Emission to water;ocean;kBq;0,009837691
36a3d172-7373-507f-85bd-12b8ba31a6d4;Iodine;Resource;in water;kg;5,19974E-07;;02703daf-fde4-489a-b7e5-523e46151312;Actinides, radioactive, unspecified;Emission to air;low population density;kBq;0,000105156
60b25e78-1d4f-39f3-9894-2338422a0351;Iridium;Resource;unspecified;kg;1,07823E-16;;72958cbe-6609-46c2-bbfa-ee4ab826ca12;Aerosols, radioactive, unspecified;Emission to air;low population density;kBq;0,001248877
afb5140a-1ed1-4c08-becb-6fc27781d831;Iridium;Resource;in ground;kg;1,17176E-11;;fe0acd60-3ddc-11dd-ae96-0050c2490048;Air, used;Emission to air;unspecified;kg;1599,574474
8ce3ff02-7a1e-48e3-881e-3248b944f28a;Iron;Resource;in ground;kg;1,56557451;;f809b5e9-ed1b-4117-8bc7-9acf883ec7f5;Alachlor;Emission to soil;agricultural;kg;1,50647E-09
08a91e70-3ddc-11dd-959a-0050c2490048;Iron ion;Resource;in ground;kg;0,77973726;;7906d330-8adb-4fc9-9266-24139fdda106;Alachlor;Emission to water;fresh water;kg;7,95646E-14
fe0acd60-3ddc-11dd-aab8-0050c2490048;Kaolin;Resource;in ground;kg;7,987760036;;06f0a67c-ec68-435d-8c32-0decd79a4a1a;Aldehydes, unspecified;Emission to air;unspecified;kg;6,39201E-09
08a91e70-3ddc-11dd-95c1-0050c2490048;Kaolinite;Resource;in ground;kg;0,005814164;;d961f86b-e36b-4ac6-8cd4-b253e496de79;Aldehydes, unspecified;Emission to air;high population density;kg;1,39824E-05
f3380341-7f76-5423-9704-c25ccf777a39;Kieserite;Resource;in ground;kg;1,65038E-05;;ba1a3dcb-d53a-42fd-80f0-d09f3a12ffe2;Aldehydes, unspecified;Emission to air;low population density;kg;1,96614E-06
4602b501-1c9b-4af7-bb1c-864c70c3e855;Krypton;Resource;in air;kg;7,66377E-15;;594fdc19-25cd-4c22-b3f3-58b1f2f42965;Aldrin;Emission to soil;agricultural;kg;1,72394E-09
15f98b12-7233-4438-9372-4ee1cfd5d693;Lanthanum;Resource;in ground;kg;0,847716669;;46e63323-cffd-4c46-829b-5f006b50fa9b;Aluminium III;Emission to air;low population density, long-term;kg;0,004321916
fbcb9c7a-eea7-4694-ba6c-568e01d28883;Lead;Resource;in ground;kg;0,017996993;;6f0b8b7c-3888-4174-b7e3-916d42d678ee;Aluminium III;Emission to air;high population density;kg;7,92613E-05
fe0acd60-3ddc-11dd-ae5d-0050c2490048;Lead II;Resource;in ground;kg;0,015384857;;2e0c9efa-d55c-49db-8be3-0376d5921ff4;Aluminium III;Emission to water;ground water;kg;0,00070244
7d2c1cdd-a64a-5936-a577-5b82db0c0d1b;Lithium;Resource;in ground;kg;6,47146E-07;;7880e65c-0321-4295-ba55-3186ad36e489;Aluminium III;Emission to water;unspecified;kg;1,46866E-06
a4bab069-74a9-5b4c-8d6e-5ca984cd9ecd;Magnesite;Resource;in ground;kg;0,065048765;;e0401210-0377-4670-84af-12247ca20bed;Aluminium III;Emission to soil;unspecified;kg;3,78084E-05
fe0acd60-3ddc-11dd-aabe-0050c2490048;Magnesite;Resource;in ground;kg;1,17098E-05;;01056d4b-f9b0-4dfc-b8d9-8407c8376efb;Aluminium III;Emission to water;ground water, long-term;kg;0,524739625
fe0acd60-3ddc-11dd-aac3-0050c2490048;Magnesium;Resource;in ground;kg;3,76408E-14;;ff65658c-2d39-44a2-b23e-7ec3c644f064;Aluminium III;Emission to air;unspecified;kg;0,008217694
247f3d96-7da2-5adf-a399-65745bc042fb;Magnesium;Resource;in water;kg;0,000873522;;0ace7678-a181-48e8-8728-d912a8b56c57;Aluminium III;Emission to water;ocean;kg;0,00053536
9e5823ad-9d9b-4b98-b627-e39611b6a8bd;Magnesium;Resource;in ground;kg;3,48216E-12;;5fb7fbc0-e7d1-4be5-a194-ec5ef5fb4f64;Aluminium III;Emission to water;fresh water;kg;0,004922239
fe0acd60-3ddc-11dd-acd8-0050c2490048;Magnesium chloride;Resource;in ground;kg;0,217226772;;765546a9-b056-4d27-ad14-2f016511bdcb;Aluminium III;Emission to soil;industrial;kg;0,001208813
c2586875-bb56-4b1e-84c5-5ff255a1108b;Manganese;Resource;in ground;kg;0,016009674;;9c3bd678-1b2f-4b95-a245-d5c8a3fe326b;Aluminium III;Emission to air;low population density;kg;2,93871E-06
fe0acd60-3ddc-11dd-9e5c-0050c2490048;Manganese II;Resource;in ground;kg;0,005670311;;c3847064-fe28-4a8a-9ff1-d959b58c836c;Aluminium III;Emission to water;lake;kg;0,000134163
aa3ea97b-523e-4594-8874-44f277573096;Mechanical Filtration;Resource;land;cm*m2/d;-0,002907462;;2baa4381-b781-4f5e-90de-508b0fa3fd1f;Aluminium III;Emission to soil;agricultural;kg;3,38619E-05
819f7e8f-c71b-4c49-8652-230b4cda1405;Mechanical Filtration;Resource;land;cm*m3;165,4139154;;d601cd0a-c599-42b7-8ea3-1fe741760e3d;Americium-241;Emission to water;fresh water;kBq;0,003727421
54b9cbd0-65df-4fd3-8a19-dd3b8eccc619;Mercury;Resource;in ground;kg;1,3283E-19;;5b4e8ce5-8e37-41a7-ba1b-735ab0c650cb;Americium-241;Emission to soil;unspecified;kBq;2245,362563
fe0acd60-3ddc-11dd-a8cd-0050c2490048;Mercury II;Resource;in ground;kg;3,3522E-08;;bd601c88-f05e-436a-b4ab-5b3d4fb29882;Americium-241;Emission to water;unspecified;kBq;9,51014E-08
e5a3dff5-72dc-5287-893c-597dd4a19566;Molybdenum;Resource;in ground;kg;0,000326649;;feb606a8-c259-4169-9652-6b38467739f7;Amidosulfuron;Emission to soil;agricultural;kg;9,41198E-11
fe0acd60-3ddc-11dd-a2be-0050c2490048;Molybdenum VI;Resource;in ground;kg;2,12743E-05;;9990b51b-7023-4700-bca0-1a32ef921f74;Ammonia;Emission to air;high population density;kg;0,004798763
06874cbb-2daf-4981-a55e-2c38be5b7277;Molybdenum, 0.010% in sulfide, Mo 8.2E-3% and Cu 1.83% in crude ore;Resource;in ground;kg;0,001422733;;d1ca3361-2621-40cd-9965-6236a4b3fd33;Ammonia;Emission to soil;unspecified;kg;0,008896441
5514ccd2-469f-4074-9905-529154e7f742;Molybdenum, 0.014% in sulfide, Mo 8.2E-3% and Cu 0.81% in crude ore;Resource;in ground;kg;0,000201916;;08a91e70-3ddc-11dd-954c-0050c2490048;Ammonia;Emission to water;ocean;kg;9,24391E-08
30fed59d-d722-482f-be4f-f3d93bdd2527;Molybdenum, 0.022% in sulfide, Mo 8.2E-3% and Cu 0.36% in crude ore;Resource;in ground;kg;0,000173078;;87883a4e-1e3e-4c9d-90c0-f1bea36f8014;Ammonia;Emission to air;unspecified;kg;0,110027837
719def62-0941-4264-bc54-97093d847d7a;Molybdenum, 0.025% in sulfide, Mo 8.2E-3% and Cu 0.39% in crude ore;Resource;in ground;kg;0,000739895;;8006ffd0-4594-41bd-b9cb-aea0ef9d7a98;Ammonia;Emission to soil;industrial;kg;8,38613E-11
da721fc3-20be-49ac-bcbd-f0dd602bb98b;Neodymium;Resource;in ground;kg;0,565142679;;4b81a3e2-b3fc-4e2f-81aa-5a68d11084c8;Ammonia;Emission to water;fresh water;kg;0,058686887
0d7f8b87-12f4-4e83-a5a2-854e2f2b47de;Ni, Ni 2.3E+0%, Pt 2.5E-4%, Pd 7.3E-4%, Rh 2.0E-5%, Cu 3.2E+0% in ore;Resource;in ground;kg;2,02285E-07;;0f440cc0-0f74-446d-99d6-8ff0e97a2444;Ammonia;Emission to air;low population density;kg;0,006154993
08a91e70-3ddc-11dd-96d1-0050c2490048;Nickel II;Resource;in ground;kg;0,19714029;;38b3a2e1-a3bb-33d7-8adb-bbbc64810089;Ammonia, DE;Emission to air;low population density;kg;0,05
86c6e6cd-c2f5-4977-bad6-ce9cd48cf721;Nickel, 1.13% in sulfide, Ni 0.76% and Cu 0.76% in crude ore;Resource;in ground;kg;0,000626574;;08a91e70-3ddc-11dd-954d-0050c2490048;Ammonium;Emission to air;unspecified;kg;0,000799595
e47e4e5f-6528-413d-a8fb-1cd1875fbd73;Nickel, 1.98% in silicates, 1.04% in crude ore;Resource;in ground;kg;0,028269812;;59e8b3a7-3862-4388-905a-73b35b93c6d4;Ammonium;Emission to water;lake;kg;5,29048E-05
1b8d1b12-8538-11e0-9d78-0800200c9a66;Nitrogen;Resource;in air;kg;-0,000128954;;fb005c47-7b90-41f3-a5ca-f0eb11db354a;Ammonium;Emission to water;unspecified;kg;5,5997E-06
5dbd8205-fa09-3895-90d3-5e1d7406c179;Occupation, agriculture;Resource;land;m2*a;0,001244689;;bc069d24-fbbd-4c05-8b6e-4089dc8249ae;Ammonium;Emission to water;ocean;kg;0,001846297
310b68ea-1ea1-385f-add3-b49c49ac7293;Occupation, agriculture, mosaic;Resource;unspecified;m2*a;0,000411928;;736f52e8-9703-4076-8909-7ae80a7f8005;Ammonium;Emission to water;ground water;kg;3,45084E-05
2f931a4c-85e7-32a2-ae1c-5f2ed70f579c;Occupation, annual crop;Resource;land;m2*a;0,000227912;;26fd0df4-74ca-4144-b632-6e6f5f6d07b1;Ammonium;Emission to water;fresh water;kg;0,001812272
c5aafa60-495c-461c-a1d4-b262a34c45b9;Occupation, annual crop;Resource;land;m2*a;0,649196304;;130cedc6-f6ed-4f1b-bd1e-881177f79e74;Ammonium;Emission to water;ground water, long-term;kg;7,30516E-05
a6889a22-e99e-42ea-85cd-4a68d7975dcd;Occupation, annual crop, non-irrigated;Resource;land;m2*a;0,020828423;;11f41c41-7733-49bc-b1b1-1f00fbade521;Ammonium carbonate;Emission to air;high population density;kg;1,23964E-07
04eb6f40-8671-3a31-b27b-ef82f04be46f;Occupation, annual crop, non-irrigated, diverse-intensive;Resource;land;m2*a;0,100960718;;79def65c-bd77-4fb2-a1df-f4dba98ada8f;Aniline;Emission to air;high population density;kg;8,60498E-10
23309f61-c8db-3224-abcc-d65ae4800611;Occupation, annual crop, organic;Resource;land;m2*a;0,001016273;;b07f7b3c-74ae-4de8-89dd-12d028cbcbdf;Aniline;Emission to water;fresh water;kg;2,0717E-09
4b6b9b76-3199-4bd0-b11d-f8f2efbeac4e;Occupation, construction site;Resource;land;m2*a;0,014059943;;1ec50b9b-a7c3-4c2a-ac48-91600c498507;Anthracene;Emission to water;fresh water;kg;1,33533E-07
1eaa9ea4-40b8-414a-b198-5626400372e1;Occupation, dump site;Resource;land;m2*a;0,332087008;;08a91e70-3ddc-11dd-9686-0050c2490048;Anthracene;Emission to water;ocean;kg;5,12588E-07
c033dd2f-87a4-435d-a7cb-477b15310066;Occupation, dump site, benthos;Resource;unspecified;m2*a;0,006660993;;cfd2030e-0fb3-4946-8a0b-9d1667aceb77;Anthracene;Emission to air;unspecified;kg;4,12012E-08
aca1714f-0040-4a65-a73a-0e38aa9f50f4;Occupation, forest, intensive;Resource;land;m2*a;39,09307152;;48adac6a-94d3-4a65-901b-e60824c01a65;Anthranilic acid;Emission to air;high population density;kg;1,50302E-10
fc924940-e7cd-3238-9d9c-cdb1b59c6aec;Occupation, forest, intensive, normal;Resource;land;m2*a;0,000615284;;83cf77ca-867b-4eef-b0f0-78d71b3d91d5;Antimony ion;Emission to water;ground water, long-term;kg;0,000277601
bafff3e8-f51e-42d6-8924-dcab1098c8ef;Occupation, forest, intensive, short-cycle;Resource;land;m2*a;0,00744751;;43b29ad9-26dd-4838-b931-6216e55a0120;Antimony ion;Emission to air;low population density;kg;6,7938E-06
45e60c3e-a8ac-3d36-a6d2-ef0e4dc1f160;Occupation, forest, unspecified;Resource;unspecified;m2*a;3,004843901;;fbfb35d0-7e76-3fc4-93f3-9b063e622b3b;Antimony ion;Emission to soil;unspecified;kg;1,68921E-17
32791291-9f65-3e12-a44e-91a43039858e;Occupation, industrial area;Resource;land;m2*a;0,222807477;;5df5cb9f-812c-4ce8-ab1c-df6ab4d31900;Antimony ion;Emission to water;ground water;kg;2,39998E-05
b0828a29-0261-4a12-a5d3-9e72c7e89619;Occupation, industrial area, benthos;Resource;unspecified;m2*a;0,000847216;;74bafe19-03c5-3225-ac1a-892aa6728d36;Antimony ion;Emission to water;unspecified;kg;1,18101E-08
cf39ec61-e779-4614-97b7-ec622556040d;Occupation, industrial area, built up;Resource;unspecified;m2*a;0,307346027;;2b2369a4-26bb-4b18-8479-752fdf7a5e7f;Antimony ion;Emission to soil;industrial;kg;5,78756E-10
44ea6f89-8780-45b4-a80a-cfc3abcfef5f;Occupation, industrial area, vegetation;Resource;land;m2*a;0,565079419;;c49fb4cd-eed0-4438-9052-9612473cdbae;Antimony ion;Emission to soil;unspecified;kg;1,01075E-09
379ba5c9-5c3a-43d0-8e2d-605ad9c39e46;Occupation, mineral extraction site;Resource;land;m2*a;0,225553974;;fa39136e-1ef6-43c1-af68-104da104568d;Antimony ion;Emission to air;low population density, long-term;kg;3,89681E-07
2997b0b4-f6ec-4df0-9481-4bdab4e86507;Occupation, permanent crop, fruit, intensive;Resource;unspecified;m2*a;0,001494578;;909f3d95-64cb-3ff7-b211-4102d70149ae;Antimony ion;Emission to air;unspecified;kg;1,56123E-11
64f2cbe7-791b-4d4b-bd13-f0c142922738;Occupation, seabed, infrastructure;Resource;land;m2*a;0,000139822;;f4cf8d5c-f030-4b55-a3af-e3c20b855ee8;Antimony ion;Emission to soil;agricultural;kg;2,72392E-09
3cc6b9e3-fda3-4712-b5b2-df07b0b996f3;Occupation, sealed soil;Resource;land;m2*a;6,64451E-05;;77927dac-dea3-429d-a434-d5a71d92c4f7;Antimony ion;Emission to air;unspecified;kg;2,75781E-05
c199261c-8234-43c5-b906-5b67707e4395;Occupation, shrub land, sclerophyllous;Resource;land;m2*a;0,0015425;;3ea5684a-6d64-4f96-8c09-1d90f997c9d4;Antimony ion;Emission to air;high population density;kg;9,09442E-07
062a6faf-b1a5-4a6a-aa02-47ae3ec566a8;Occupation, traffic area, rail network;Resource;land;m2*a;0,090800582;;f5aa8364-8feb-4e1b-a9d0-2ceffa388306;Antimony ion;Emission to water;fresh water;kg;2,46597E-05
956c5f83-65c8-4607-9749-147cfb9c8f70;Occupation, traffic area, rail/road embankment;Resource;land;m2*a;0,572972139;;5c118626-2a29-4696-bb91-91f0349fc0b4;Antimony-122;Emission to water;fresh water;kBq;7,65126E-06
14b92328-e08d-4fac-b16a-da5dcd0e5627;Occupation, traffic area, road embankment;Resource;unspecified;m2*a;0,00239225;;f68f00b8-2057-476e-88c8-1d92b5af0889;Antimony-124;Emission to water;fresh water;kBq;0,002147892
26efe47c-92a5-4dea-b4d0-eac13e418a58;Occupation, traffic area, road network;Resource;land;m2*a;0,060513403;;7567e592-ecfa-467b-9f11-19f11786505b;Antimony-124;Emission to air;low population density;kBq;1,38066E-08
c7cb5880-4219-4051-9357-10fdd08c6f2b;Occupation, unspecified;Resource;land;m2*a;0,321425761;;8cd82962-d90f-409a-b3c1-961d5365d338;Antimony-124;Emission to air;unspecified;kBq;1,90879E-05
63cf5ffa-3b2c-3ab8-b726-0bab20804237;Occupation, unspecified, used;Resource;unspecified;m2*a;2,104E-07;;64f81516-52e1-4ce6-a22c-84d3f7cc9a53;Antimony-124;Emission to water;unspecified;kBq;2,2486E-08
3b4db191-9634-4a01-a873-f3cb234785e4;Occupation, urban, continuously built;Resource;land;m2*a;2,66458E-05;;10ec2732-3828-4232-914e-941c38bdd08b;Antimony-125;Emission to water;fresh water;kBq;0,001753244
56ec994a-eb96-42e8-93eb-4970e30e6362;Occupation, urban, discontinuously built;Resource;land;m2*a;7,94862E-05;;51f80fcc-8eb0-4912-afbd-e9b9861e45a4;Antimony-125;Emission to air;low population density;kBq;1,98052E-07
b9a35003-86ed-45d8-b616-ef6859087b40;Occupation, water bodies, artificial;Resource;unspecified;m2*a;2,233227942;;fa194dc5-ad5d-4c1e-a8f4-9fedba38fe8d;Antimony-125;Emission to water;unspecified;kBq;1,06159E-09
a47cd00c-476b-4f73-a0a0-46dc11638699;Occupation, water courses, artificial;Resource;unspecified;m2*a;0,302531748;;e395a1a3-6915-4b72-a533-ff1a82fc3da1;AOX, Adsorbable Organic Halides;Emission to water;surface water;kg;3,84295E-06
e7961ae5-1a17-40d9-8a79-9e2c1bd09398;Oil sand (10% bitumen) (in MJ);Resource;in ground;MJ;0,03221053;;46e6f5f7-6541-494f-a9bb-66918fb5d592;AOX, Adsorbable Organic Halides;Emission to water;ocean;kg;1,63974E-07
b7d01aa2-7469-480a-aad7-cebc7d1d6292;Oil sand (100% bitumen) (in MJ);Resource;in ground;MJ;0,028121396;;a4f6341b-1762-4222-9024-bfd91f63588f;AOX, Adsorbable Organic Halides;Emission to water;unspecified;kg;1,52794E-07
88d06db9-59a1-4719-9174-afeb1fa4026a;Oil, crude;Resource;in ground;kg;5,08290697;;5d3bbe4b-3497-4488-a02c-a9c091aa22b8;AOX, Adsorbable Organic Halogen;Emission to water;fresh water;kg;0,000359761
d7cadc9a-f42c-4711-a8e2-0b626c0a4c7a;Olivine;Resource;in ground;kg;4,42944E-07;;fe0acd60-3ddc-11dd-a350-0050c2490048;Argon;Emission to air;unspecified;kg;0,000233113
5e3d5bc8-94b1-4760-bd8b-9af74cfefdef;Organic carbon, placed in landfill;Resource;in ground;kg;0,017418946;;e7edd471-6c72-42b0-8c2b-8dc9f1959c63;Argon-41;Emission to air;unspecified;kBq;8,885797864
d4f74ad1-5f43-4b1c-8aa6-d7b8b2c40707;Osmium;Resource;in ground;kg;1,42955E-11;;091d8157-f865-4858-8ceb-0a49ac84614b;Argon-41;Emission to air;low population density;kBq;1,860401931
c132f668-6330-45fe-b230-d8de62e64ff1;Oxygen;Resource;in air;kg;-2,569073738;;ebaff3ef-9e70-4674-bf17-6273e1447246;Arsenic ion;Emission to air;low population density, long-term;kg;2,29085E-05
e2fb2bc2-6555-11dd-ad8b-0800200c9a66;Palladium II;Resource;in ground;kg;8,60242E-08;;34d1cae0-fc72-36fe-8cb2-99f59bd15eb5;Arsenic ion;Emission to air;unspecified;kg;9,33334E-08
b4157c65-4181-3279-8c4b-30a58ca47b10;Palladium, Pd 2.0E-4%, Pt 4.8E-4%, Rh 2.4E-5%, Ni 3.7E-2%, Cu 5.2E-2% in ore;Resource;in ground;kg;2,89523E-08;;0cc4fa9c-ed07-4249-988d-6b2fe84b7dff;Arsenic ion;Emission to water;lake;kg;5,75129E-08
fe1524b9-afe4-380d-99a8-822964917db0;Palladium, Pd 7.3E-4%, Pt 2.5E-4%, Rh 2.0E-5%, Ni 2.3E+0%, Cu 3.2E+0% in ore;Resource;in ground;kg;6,95031E-08;;26da57a3-0cd5-4737-afe2-c1a950f971b1;Arsenic ion;Emission to air;low population density;kg;5,62551E-05
384e875d-2237-4d74-8f62-6b04173f656b;Peat;Resource;in ground;kg;1,68087E-05;;08a91e70-3ddc-11dd-91e3-0050c2490048;Arsenic ion;Emission to water;ocean;kg;8,96439E-06
c5035ce2-5ee5-431f-a287-4b25da42be74;Peat;Resource;biotic;kg;0,638931925;;78443a3c-a25a-47bc-a1a1-48d2a57e04df;Arsenic ion;Emission to water;fresh water;kg;0,00010076
041f5cea-6556-11dd-ad8b-0800200c9a66;Phosphorus;Resource;in ground;kg;0,003020706;;fc84887d-158e-4067-80dc-9743165bd70d;Arsenic ion;Emission to soil;unspecified;kg;6,94297E-07
9a7380d1-6e23-48ad-b35a-14bd1ecb3133;Phosphorus, 18% in apatite, 4% in crude ore;Resource;in ground;kg;0,001770115;;e60edb16-3c74-415b-9aff-a22a6f49fecb;Arsenic ion;Emission to water;ground water, long-term;kg;0,001355405
c6dbfddd-b11a-4061-84a6-01b087136eb6;Physicochemical Filtration;Resource;land;(cmol*m2)/kg;-0,001461758;;3256d56f-4ca3-4680-8cc1-0f8748e71373;Arsenic ion;Emission to soil;unspecified;kg;3,01503E-10
cf600286-4367-4287-b91e-ba5b494c1b02;Physicochemical Filtration;Resource;land;(cmol*m2*a)/kg;0,173333133;;4673a799-36a5-4359-ac6a-fa933281bc93;Arsenic ion;Emission to soil;agricultural;kg;2,355E-08
782718b9-e84e-47b7-be6a-17eaab19c432;Pit Methane (in MJ);Resource;in ground;MJ;3,271069719;;1f607ae2-b42d-4411-90b8-e9bbac66a554;Arsenic ion;Emission to water;ground water;kg;0,000163993
929b7d7e-39d5-4320-8282-856d9a9f7f3f;Platinum;Resource;unspecified;kg;1,31545E-16;;d70b4182-d633-4178-84c0-8854f5f6594b;Arsenic ion;Emission to water;ocean;kg;2,72797E-06
041fab30-6556-11dd-ad8b-0800200c9a66;Platinum;Resource;in ground;kg;1,03127E-06;;dc6dbdaa-9f13-43a8-8af5-6603688c6ad0;Arsenic ion;Emission to air;unspecified;kg;0,000207413
a55ba777-c1ec-338a-9482-fc6e006a56de;Platinum, Pt 2.5E-4%, Pd 7.3E-4%, Rh 2.0E-5%, Ni 2.3E+0%, Cu 3.2E+0% in ore;Resource;in ground;kg;1,00348E-07;;1ef5b43a-c846-4942-ba9d-2d2686063eff;Arsenic ion;Emission to air;high population density;kg;5,97676E-06
6b47b4de-2322-358e-a3b8-57e2f26eafb3;Platinum, Pt 4.8E-4%, Pd 2.0E-4%, Rh 2.4E-5%, Ni 3.7E-2%, Cu 5.2E-2% in ore;Resource;in ground;kg;3,59738E-07;;7cee74fc-6c4b-47c0-b624-2d12d9ea0619;Arsenic ion;Emission to air;unspecified;kg;3,40158E-06
e373f7b4-42e9-4cc7-a73c-f87bec88008b;Potassium;Resource;in ground;kg;3,51547E-09;;8a377f10-d147-41ff-b9ef-53fad50245ce;Arsenic ion;Emission to water;unspecified;kg;1,54669E-07
041ff934-6556-11dd-ad8b-0800200c9a66;Potassium chloride;Resource;in ground;kg;0,00926364;;0e907e32-c2f3-4cd6-a7e6-64363f82d635;Arsenic ion;Emission to soil;industrial;kg;4,83526E-07
38a037a3-47a7-4df7-a986-84e60f50f62e;Potassium I;Resource;in ground;kg;0,004423848;;670502ea-2788-438f-8d4d-779ade3290f3;Arsenic ion;Emission to water;fresh water;kg;4,83685E-06
35da65ff-7287-571d-b859-13d398ac5182;Praseodymium;Resource;in ground;kg;8,84481E-07;;08a91e70-3ddc-11dd-97d8-0050c2490048;Arsenic trioxide;Emission to air;unspecified;kg;1,55842E-10
4402f445-984c-4728-be22-6f9aea1146b9;Pumice;Resource;in ground;kg;7,344E-05;;75deed5b-c78a-33e5-b4c3-f5850f833ac1;Arsenic V;Emission to soil;industrial;kg;1,05895E-15
c73e75dc-c02d-4192-ab43-faf29c119fae;Pyrite;Resource;in ground;kg;8,71407E-12;;fd9a5a38-992d-4c53-9b0f-16a69d37fb54;Arsine;Emission to air;high population density;kg;1,43762E-12
a2e6fb74-b047-5697-b5dd-e28cc68f29e6;Rhenium;Resource;in ground;kg;1,99151E-10;;aeae7594-af69-46d2-9965-8c235b5c3fe3;Arsine;Emission to air;unspecified;kg;1,29349E-08
1729c889-6556-11dd-ad8b-0800200c9a66;Rhodium III;Resource;in ground;kg;2,905E-09;;efd3798a-ff6b-46ef-b408-0e74d80548cc;Atrazine;Emission to soil;agricultural;kg;3,58813E-08
8c90daf4-cbc1-309b-9f36-78377bfef810;Rhodium, Rh 2.0E-5%, Pt 2.5E-4%, Pd 7.3E-4%, Ni 2.3E+0%, Cu 3.2E+0% in ore;Resource;in ground;kg;1,20542E-08;;6d495a70-a591-4878-bb30-33290b66191b;Atrazine;Emission to water;fresh water;kg;6,04284E-19
92b7ea9a-59d5-3486-a300-3028ea0e1538;Rhodium, Rh 2.4E-5%, Pt 4.8E-4%, Pd 2.0E-4%, Ni 3.7E-2%, Cu 5.2E-2% in ore;Resource;in ground;kg;3,77554E-08;;e794472e-5ee2-4f30-8522-deadba411a79;Atrazine;Emission to air;unspecified;kg;9,66862E-18
58693e74-99e3-4562-b7ba-62b2df9616a9;Ruthenium;Resource;in ground;kg;6,93681E-11;;e69b028e-e549-4869-ae4a-b85ef8bcb7a9;Azoxystrobin;Emission to soil;agricultural;kg;3,10161E-09
cf791833-26bc-5207-a9bd-6ddcd8ac7625;Samarium;Resource;in ground;kg;6,31154E-07;;60ea7a31-8f27-46af-bfe5-66417f00088b;Barite;Emission to water;ocean;kg;0,004150311
19fafab5-f4a8-380e-9d9d-1b873e20cfee;Sand;Resource;in ground;kg;0,006102871;;5ffb3576-740f-41ba-814f-8538d83a4b3b;Barium II;Emission to air;high population density;kg;1,53315E-05
7ae3bfc0-8532-11e0-9d78-0800200c9a66;Sand, quartz;Resource;in ground;kg;269,4823298;;0ee08c3a-1553-4637-8f17-c486c115ef2b;Barium II;Emission to water;fresh water;kg;0,000800897
d1b66818-3611-341d-9535-a1ad6d19fa9f;Sand, resource correction;Resource;unspecified;kg;4,53451E-06;;cd5898ca-96ad-4038-b7ac-edf544d2800a;Barium II;Emission to air;low population density, long-term;kg;2,5034E-05
423ef039-6057-4f63-94bd-e9410d024bd0;Sand, unspecified;Resource;in ground;kg;1,42184E-06;;3184c902-c587-4fd7-bd89-769d3cf30072;Barium II;Emission to water;ground water, long-term;kg;0,012737253
9e9b6792-40e6-4d62-a3e0-ebebc0c65166;Shale;Resource;in ground;kg;1,4133E-06;;521a04ff-177c-457a-9285-bbb6005b3135;Barium II;Emission to water;lake;kg;5,90919E-07
172a8bf6-6556-11dd-ad8b-0800200c9a66;Silicon;Resource;in ground;kg;4,92652E-07;;7e246e3a-5cff-43fc-a8e6-02d191424559;Barium II;Emission to air;unspecified;kg;0,000509603
00143719-33a7-5738-aa1b-131f97b4fef3;Silicon;Resource;in ground;kg;3,86328E-12;;5719929a-8c5b-48cc-a039-b11a9f380467;Barium II;Emission to soil;industrial;kg;0,000604406
172ab2d8-6556-11dd-ad8b-0800200c9a66;Silver I;Resource;in ground;kg;1,08555E-05;;f8199e39-7354-44ad-92d8-6a2cc3bac24e;Barium II;Emission to soil;agricultural;kg;5,50502E-08
c15f6c4d-bf7a-4a7c-91c6-53aad6a630a8;Silver, 0.007% in sulfide, Ag 0.004%, Pb, Zn, Cd, In;Resource;in ground;kg;2,20807E-05;;99cd88f6-16b7-4b28-895c-2f42101f634b;Barium II;Emission to soil;unspecified;kg;9,28989E-09
14946240-b1ee-412c-b900-ed5728a4e684;Silver, 3.2ppm in sulfide, Ag 1.2ppm, Cu and Te, in crude ore;Resource;in ground;kg;1,62038E-05;;24cf82f8-c517-4fef-8f93-17519adb855e;Barium II;Emission to air;low population density;kg;1,41231E-05
d02343bd-b00d-4fb3-9bda-2e8183f3b012;Silver, Ag 2.1E-4%, Au 2.1E-4%, in ore;Resource;in ground;kg;1,45975E-06;;0e1c17ae-8144-4714-a7cd-786a5480f423;Barium II;Emission to water;unspecified;kg;5,3807E-06
d76320f7-6761-4864-92a6-660fa3453ffa;Silver, Ag 4.2E-3%, Au 1.1E-4%, in ore;Resource;in ground;kg;3,3339E-06;;d68f41b3-6887-49a8-8efa-96812f8ec9f6;Barium II;Emission to water;ground water;kg;8,71562E-06
6f70e7c7-ef61-4489-b4f3-157e7e8541ef;Silver, Ag 4.6E-5%, Au 1.3E-4%, in ore;Resource;in ground;kg;3,26778E-06;;95ad40ec-c34b-49fc-a7dc-0e13172ac105;Barium II;Emission to water;ocean;kg;0,001943067
cfaa80f4-8e19-4fd6-942a-eaea14812896;Silver, Ag 9.7E-4%, Au 9.7E-4%, Zn 0.63%, Cu 0.38%, Pb 0.014%, in ore;Resource;in ground;kg;2,15626E-06;;3f206533-f017-4d74-8a2d-e563af85d417;Barium-140;Emission to air;low population density;kBq;8,42975E-06
85d55b80-85fc-11e0-9d78-0800200c9a66;Slate;Resource;in ground;kg;1,01965E-10;;5dc90a86-a720-4177-a52a-75f43254936f;Barium-140;Emission to water;fresh water;kBq;2,19285E-05
9ef0643e-cbd1-4f70-9862-cbab9fa239eb;Sodium bromide;Resource;in ground;kg;1,75128E-05;;d2d7723b-a37f-4491-9406-c32a87d50f56;Benomyl;Emission to air;unspecified;kg;2,08936E-15
172ad9fa-6556-11dd-ad8b-0800200c9a66;Sodium chloride;Resource;in ground;kg;114,3466125;;41075347-53b4-40dc-a00e-5edf9f19cf09;Benomyl;Emission to water;fresh water;kg;1,30593E-16
0b9159dd-305d-4add-802f-f7b780ed0289;Sodium chloride;Resource;in ground;kg;0,429027358;;a25e7873-b0fd-46eb-81da-e49d84c2ac25;Benomyl;Emission to soil;agricultural;kg;6,18403E-10
a2b40a28-3aa6-470d-a3fd-994cd18c0371;Sodium chloride;Resource;in water;kg;0,000605469;;237ea455-6c82-4254-af86-9409df922094;Bentazone;Emission to soil;agricultural;kg;6,86779E-08
a2a4f255-ad47-4cf8-b6a9-e10885d61407;Sodium nitrate;Resource;in ground;kg;3,26057E-12;;a65f4744-f555-44cb-8534-aa5adc72d7a7;Benzal chloride;Emission to air;unspecified;kg;1,03807E-13
5bbcdc6d-b1a7-4b63-b625-76060c767de7;Sodium sulfate;Resource;in ground;kg;0,002434288;;2813518d-c4a8-4a8d-9542-f1882ec27c1c;Benzaldehyde;Emission to air;low population density;kg;4,93034E-06
172b2805-6556-11dd-ad8b-0800200c9a66;Soil;Resource;in ground;kg;102,2271668;;fe65f7e4-ee5b-4a6f-9d60-6c2f829dca3f;Benzaldehyde;Emission to air;high population density;kg;3,45869E-07
3e0034cd-21d6-4582-9fbf-09c26edd05df;Stibnite;Resource;in ground;kg;4,7305E-09;;10d26189-a688-4859-8aa9-525e058a07f0;Benzaldehyde;Emission to air;unspecified;kg;9,46395E-06
033f8342-fd62-405e-a512-3fa8619e6ded;stone;Resource;in ground;kg;0,000447067;;1bb6a502-3ff9-4a79-835c-5588b855f1f5;Benzene;Emission to air;high population density;kg;0,000584388
1f30fd77-6556-11dd-ad8b-0800200c9a66;Sulfur;Resource;in ground;kg;0,000882258;;5a3a2d9f-c3cc-4b3a-9f41-7f28cf398bf7;Benzene;Emission to water;fresh water;kg;9,23434E-05
bc97531c-12d8-4113-bcb2-663a47d12d0f;Talc;Resource;in ground;kg;0,000612976;;eb15dd66-43ee-4161-ac90-2cd6d19ca72d;Benzene;Emission to air;lower stratosphere + upper troposphere;kg;4,64469E-10
daea7dff-7a8a-447a-b205-f358deddadb9;tantalum;Resource;in ground;kg;0,000369548;;28999907-a8a7-45b3-857e-836495ca2aa0;Benzene;Emission to air;unspecified;kg;0,000661221
775fdf03-b0bb-5c25-b14d-107231d5b2f0;Tantalum;Resource;in ground;kg;3,62018E-07;;19108dfd-9b70-4fca-bac5-d523f8b5d3c0;Benzene;Emission to water;ocean;kg;0,000193649
7b6da1f2-e191-5a77-ae06-af96201f5803;Tellurium;Resource;in ground;kg;3,56516E-07;;5e883a00-04e6-4d96-8dce-12d7117c6635;Benzene;Emission to air;low population density;kg;0,006783944
53d5ef26-66d8-4536-afa2-2f6b114189ba;Tin;Resource;in ground;kg;0,000541918;;31ba993d-f8aa-44c0-bae1-b6c2081144f6;Benzene;Emission to water;unspecified;kg;6,43641E-07
29068976-6556-11dd-ad8b-0800200c9a66;Tin ion;Resource;in ground;kg;6,62282E-10;;0d25326e-2335-4a06-8ecb-d161f02adccf;Benzene, 1,2,4-trimethyl-;Emission to air;unspecified;kg;3,64101E-22
78cd4852-e7b9-4301-adf7-51e730b0356a;TiO2, 54% in ilmenite, 2.6% in crude ore;Resource;in ground;kg;0,012889579;;fe0acd60-3ddc-11dd-a282-0050c2490048;Benzene, 1,3,5-trimethyl-;Emission to air;unspecified;kg;8,06291E-11
ec0fa5ce-51b4-4792-a8e8-c4ee668eddc3;TiO2, 95% in rutile, 0.40% in crude ore;Resource;in ground;kg;6,1978E-09;;eaaf9b66-c5b1-4c49-9399-fc0f84bc9587;Benzene, chloro-;Emission to water;fresh water;kg;7,3981E-06
2f033407-6060-4e1e-868c-9f362d10fdb2;Titanium;Resource;in ground;kg;3,7015E-07;;63e7892d-8549-11e0-9d78-0800200c9a66;Benzene, chloro-;Emission to air;unspecified;kg;3,49678E-13
2906898f-6556-11dd-ad8b-0800200c9a66;Titanium ion;Resource;in ground;kg;0,000500407;;8b84f97c-7b3a-4d63-b160-cf2ee381821f;Benzene, chloro-;Emission to water;river, long-term;kg;5,45023E-10
c0143eba-3daf-44ad-8d34-6e1d34128ace;Transformation, from agriculture;Resource;land;m2;3,78898E-06;;57d178ab-a602-46c2-9dfa-cb0869a26c24;Benzene, dichloro-;Emission to air;high population density;kg;7,65793E-10
13c774db-2063-35d2-9c25-7e0f1d40063a;Transformation, from annual crop;Resource;land;m2;0,000710973;;8edfdecf-21b3-4950-863e-e82130220919;Benzene, ethyl-;Emission to water;fresh water;kg;9,81746E-06
4b420f19-0421-461e-a0b6-7efbf580089b;Transformation, from annual crop, non-irrigated;Resource;land;m2;0,03713788;;2df2b703-0a67-4b0b-81c4-689f538ee667;Benzene, hexachloro-;Emission to water;fresh water;kg;1,04805E-15
777b7fc7-d7a2-3e6d-a326-cfa1f6b11aea;Transformation, from annual crop, non-irrigated, fallow;Resource;land;m2;2,0086E-05;;66a169f2-82a9-446c-9daf-df444f2476c6;Benzene, hexachloro-;Emission to water;unspecified;kg;3,45094E-12
93c1f160-9027-469e-bbb3-32f2ca951759;Transformation, from arable, non-irrigated, diverse-intensive;Resource;unspecified;m2;0,078288917;;dcca27fa-7675-421b-89cf-7076715e11ed;Benzene, pentachloro-;Emission to water;unspecified;kg;3,97911E-12
43c8b65e-8551-37da-9f00-7fedc95fe17d;Transformation, from arable, organic;Resource;land;m2;0,000804985;;5774fff9-0440-43dc-b384-42e2ed28d76a;Benzene, pentachloro-;Emission to water;fresh water;kg;2,00431E-15
c1513682-45ad-444e-afb5-27c660714e88;Transformation, from dump site, inert material landfill;Resource;land;m2;0,000393801;;fe0acd60-3ddc-11dd-a2b8-0050c2490048;Benzo(a)anthracene;Emission to water;ocean;kg;9,63894E-08
7fdc928c-f347-45e7-82d7-046acdf878ae;Transformation, from dump site, residual material landfill;Resource;land;m2;0,000207654;;4d54a087-6fd2-4cb9-b1bc-3cc4659b3422;Benzo(a)anthracene;Emission to air;unspecified;kg;2,07296E-08
b79e26a0-88db-441f-b79b-508506e81b93;Transformation, from dump site, sanitary landfill;Resource;land;m2;9,78283E-05;;6d68481c-c667-4cda-b7c0-36b31872a93e;Benzo(a)anthracene;Emission to water;fresh water;kg;2,19833E-09
7d5b5802-3698-4be8-98f8-ab7c1a2e9328;Transformation, from dump site, slag compartment;Resource;land;m2;2,59754E-06;;5e13c2ab-5466-4ff5-816d-702dfdf25f76;Benzo(a)pyrene;Emission to air;unspecified;kg;1,48362E-07
bd7e559d-8a9e-3a98-81d4-2f6bcd6eca91;Transformation, from forest, extensive;Resource;land;m2;4,3376E-05;;81c4ba39-8a3f-4a43-97b4-401605bbebf5;Benzo(a)pyrene;Emission to air;low population density;kg;4,73391E-05
8c920eda-3eee-4782-ace6-c706fb363b88;Transformation, from forest, intensive, clear-cutting;Resource;land;m2;0,000734393;;63e7892e-8549-11e0-9d78-0800200c9a66;Benzo(a)pyrene;Emission to water;unspecified;kg;2,10841E-07
963b17e3-ec2a-3715-85eb-01d84a8fce7b;Transformation, from forest, intensive, normal;Resource;land;m2;0,432500636;;2cbb504a-ce2f-40e9-9d38-e130e95a1242;Benzo(a)pyrene;Emission to air;high population density;kg;1,75073E-07
ac0aba5c-66ce-42c9-9f46-1e47ab7bc4b9;Transformation, from forest, natural;Resource;land;m2;3,80546E-10;;18d7c24e-19d0-4dc3-b042-7ed7be199b52;Benzo(a)pyrene;Emission to water;fresh water;kg;8,14438E-17
0930b6b8-d9c6-4462-966f-ac7495b63bed;Transformation, from forest, unspecified;Resource;land;m2;0,029554768;;49e82a9e-331a-45e1-8a86-ff1526045fc8;Benzo(g,h,i)perylene;Emission to air;unspecified;kg;1,84932E-08
2e002771-9f22-43e3-9990-f06f8235700b;Transformation, from heterogeneous, agricultural;Resource;land;m2;6,69219E-05;;90bda18e-57be-4070-a385-50b4c1c95ce6;Benzo(k)fluoranthene;Emission to water;fresh water;kg;3,51606E-10
0331d547-57ea-4ec6-a746-3ab289c3626a;Transformation, from industrial area;Resource;land;m2;0,000436631;;4d9a8790-3ddd-11dd-94a1-0050c2490048;Benzo(k)fluoranthene;Emission to air;unspecified;kg;3,69865E-08
b93fac73-b3b1-4825-b1db-c129d404d3f3;Transformation, from industrial area, benthos;Resource;unspecified;m2;8,24525E-06;;4d9a8790-3ddd-11dd-94a9-0050c2490048;Benzo(k)fluoranthene;Emission to water;ocean;kg;1,02576E-07
12be05aa-48ad-49a8-a864-7a51ba56075b;Transformation, from industrial area, built up;Resource;unspecified;m2;5,6444E-07;;5457df7d-0461-407c-9f09-0338dbff77ef;Beryllium II;Emission to air;low population density, long-term;kg;5,45553E-07
f9795c43-391d-4e31-a4ce-bee8259adb03;Transformation, from industrial area, vegetation;Resource;land;m2;9,62869E-07;;dbf49708-ee0c-44f2-8662-5edd89ad472b;Beryllium II;Emission to soil;unspecified;kg;3,37786E-14
64d99cb5-3b4f-4195-b86f-c5f45b4dcd19;Transformation, from mineral extraction site;Resource;land;m2;0,004967506;;8d0ca1a5-6a40-4eda-861a-a0fccdc81b19;Beryllium II;Emission to water;unspecified;kg;8,05087E-09
54d144f3-a534-429d-bdd6-f3d8448ab4cc;Transformation, from pasture and meadow;Resource;unspecified;m2;0,000126497;;04512c78-0228-4291-8c4d-7e64b6ad670c;Beryllium II;Emission to water;fresh water;kg;1,45575E-07
2c126bcc-bb63-4d63-bd72-f02a1e616809;Transformation, from pasture, man made;Resource;land;m2;0,061913924;;5d4b497b-d265-42d1-a41a-113785a6d694;Beryllium II;Emission to air;low population density;kg;2,08713E-08
05cd834e-341d-3930-ac07-7874077b086b;Transformation, from pasture, man made, intensive;Resource;land;m2;0,001082257;;1499beff-e008-4efa-9e47-0f6095b0ffc4;Beryllium II;Emission to water;lake;kg;5,33045E-09
e15786b4-0445-4a67-8e9f-cb7b3e349935;Transformation, from sea and ocean;Resource;unspecified;m2;5,59298E-06;;24e0a9cb-a789-46e2-a25c-0278a90d67e5;Beryllium II;Emission to water;ground water, long-term;kg;0,000429489
928ba839-d6e5-4d1e-b5fd-122998a9bbe2;Transformation, from seabed, unspecified;Resource;land;m2;0,006706859;;20557d93-2b1c-49b5-b6c0-3528a8bbc307;Beryllium II;Emission to air;unspecified;kg;5,00272E-07
17a5a406-333f-4b9e-8852-c2de50bc9585;Transformation, from shrub land, sclerophyllous;Resource;land;m2;0,00298796;;7672267f-4541-4c9a-9ca0-ec2f41b95cbc;Beryllium II;Emission to water;ocean;kg;5,73129E-07
46b8b2fd-eb2a-413d-bc39-e7dc18a420ef;Transformation, from traffic area, rail/road embankment;Resource;land;m2;0,004316283;;19e97bd6-d0ae-4208-bd77-d58e5d46d827;Beryllium II;Emission to air;high population density;kg;1,38439E-08
7899bb60-56fd-3d8b-8c3a-9d6341b9d747;Transformation, from tropical rain forest;Resource;land;m2;0,000736584;;fa89c354-2263-4ed2-ac56-99946be5c665;Beryllium II;Emission to water;ground water;kg;8,34817E-07
12264257-7f8b-4afe-b3cb-3ac28ca1661a;Transformation, from unknown;Resource;land;m2;0,029793753;;b0758e8e-691c-4c96-8a90-4784c47cd962;Beryllium II;Emission to soil;industrial;kg;1,03973E-19
a8e39acd-6e7f-4d43-973b-37e6b7c00037;Transformation, from urban, continuously built;Resource;land;m2;7,92625E-08;;f2efe6b2-21ae-4ed0-aacf-2a6d41d8e801;Bifenthrin;Emission to soil;agricultural;kg;7,88263E-11
28e5f69f-7b2e-4e31-9725-d407b2964b3f;Transformation, to agriculture;Resource;land;m2;4,15947E-06;;0c3118be-5c17-4d3f-93d5-9d608fc31e77;Black carbon;Emission to air;unspecified;kg;9,73303E-06
0b062583-0e24-373c-beb5-e3e639619895;Transformation, to agriculture, mosaic;Resource;unspecified;m2;2,23177E-07;;8d33cd5f-c365-44b8-bb70-a211d5bb15dd;BOD5, Biological Oxygen Demand;Emission to water;river;kg;0,02
c3f83a91-4888-41a4-add9-fd01678a1e5f;Transformation, to annual crop;Resource;land;m2;0,00402647;;aedea697-930a-4a0e-9e4f-b9c369aa9a33;BOD5, Biological Oxygen Demand;Emission to water;ground water, long-term;kg;0,022108708
e97b784a-ec09-4b1b-9f14-cc0ce9799c9e;Transformation, to annual crop, non-irrigated;Resource;land;m2;0,039110372;;57c27ba7-a61a-4932-8cd5-095c88ff0245;BOD5, Biological Oxygen Demand;Emission to water;ground water;kg;6,86849E-06
9497544b-a783-486e-a029-1f042de08741;Transformation, to arable, non-irrigated, diverse-intensive;Resource;unspecified;m2;0,11456017;;4574cd53-77cc-4540-827b-5736dda9c4d7;BOD5, Biological Oxygen Demand;Emission to water;fresh water;kg;0,013284187
9348a45e-047c-4f05-9794-648e9b9dae33;Transformation, to arable, non-irrigated, fallow;Resource;unspecified;m2;2,28907E-05;;f012d2d5-ebb4-4531-8285-0b98af3dcbd4;BOD5, Biological Oxygen Demand;Emission to water;ocean;kg;0,009376921
2e1a4ab8-76e5-44cf-a726-ea75ac62efac;Transformation, to arable, organic;Resource;land;m2;0,001127279;;91955aba-6ebc-4413-9342-f0298860b4aa;BOD5, Biological Oxygen Demand;Emission to water;unspecified;kg;0,002468165
90a5a447-af6f-421a-8201-011f07ad1150;Transformation, to dump site;Resource;land;m2;0,002612211;;553554e0-1442-444f-9f1d-9ed6b750bcfc;Borate;Emission to water;fresh water;kg;4,34535E-08
6c4a3fb1-813d-33f2-87e7-157699f2a835;Transformation, to dump site, benthos;Resource;land;m2;0,006660993;;d03809fd-dae9-4771-aec0-934a40bbb7e5;Boric acid;Emission to air;high population density;kg;1,18695E-16
d10b390c-9d0c-4f59-b31d-3d0d70e77a35;Transformation, to dump site, inert material landfill;Resource;land;m2;0,000393801;;b8fc2875-a1ce-4a7c-a73d-6ba5b26319d3;Boron;Emission to air;unspecified;kg;0,000595201
8f5c8cb3-dccd-45da-9f1f-d1c61cd789c3;Transformation, to dump site, residual material landfill;Resource;land;m2;0,000207726;;e3b7b5aa-514e-430e-9544-07d8f5b8d494;Boron;Emission to soil;unspecified;kg;1,72998E-05
1a568858-efa8-4c2a-b46e-82b6e66b6072;Transformation, to dump site, sanitary landfill;Resource;land;m2;9,78283E-05;;512364ac-5bba-4b77-8712-981247617519;Boron;Emission to air;low population density;kg;0,0025246
d73b27a2-81bd-4264-baa5-ce4aca3545be;Transformation, to dump site, slag compartment;Resource;land;m2;2,59754E-06;;58a3086e-3ded-4751-a313-05608f725081;Boron;Emission to soil;industrial;kg;1,20881E-05
994d61de-fbb0-4187-a4d4-b11c3c2b9102;Transformation, to forest, intensive;Resource;land;m2;0,432502372;;62399986-3e4f-4522-b389-75eed416d838;Boron;Emission to soil;agricultural;kg;5,61185E-09
cdbfd224-21fe-457e-a47d-26a525965051;Transformation, to forest, intensive, clear-cutting;Resource;land;m2;0,000734393;;242b4a08-f6ff-496d-ae0f-bf8f8bc77692;Boron;Emission to water;ground water;kg;0,000792611
05a9f970-d413-321a-8161-88b70933593f;Transformation, to forest, intensive, normal;Resource;land;m2;4,79628E-06;;5baed830-f676-4031-a036-8a9599bd7237;Boron;Emission to water;ocean;kg;0,000137049
3573b5ab-5158-4048-a364-aad9e706acb4;Transformation, to forest, intensive, short-cycle;Resource;land;m2;0,000265984;;061d04a0-af1d-4884-bdd3-997b6cd5550f;Boron;Emission to water;ground water, long-term;kg;0,014151998
55836b23-8496-3e8f-bfa4-99163831b3c6;Transformation, to forest, unspecified;Resource;land;m2;0,023604983;;eeaa554c-edc0-4b69-8737-170ac48f6de1;Boron;Emission to water;fresh water;kg;0,029681051
fdda4f8e-b620-4df6-92a9-101a251d2f42;Transformation, to heterogeneous, agricultural;Resource;land;m2;0,00087293;;0fbca534-f355-4477-b29f-7b5fc2fbce64;Boron;Emission to air;low population density, long-term;kg;7,26224E-06
4624deff-2016-41d4-b2bf-3db8dab88779;Transformation, to industrial area;Resource;land;m2;0,00408758;;4a15cd40-96e6-4912-8298-c0fa8f9e2aee;Boron;Emission to water;unspecified;kg;1,45431E-08
e6dd1a4b-0a12-4b46-9245-6ec9b63c8255;Transformation, to industrial area, benthos;Resource;unspecified;m2;4,58652E-05;;3e419ebc-c0f1-4f85-a544-cf3460a680b6;Boron;Emission to air;high population density;kg;0,000141118
c24fe83a-3170-49a3-ab67-279d34b8d920;Transformation, to industrial area, built up;Resource;unspecified;m2;0,010491144;;0367c22a-f1f5-48bc-8dea-95e784d19df2;Boron trifluoride;Emission to air;high population density;kg;6,47811E-12
6f2f97dc-2aeb-482c-a20a-9747f0746898;Transformation, to industrial area, vegetation;Resource;land;m2;0,018963501;;506fe866-1081-4152-a19d-b50825f99d83;Bromate;Emission to water;unspecified;kg;9,97201E-07
626915e9-2424-4059-8b6a-fae47161acdf;Transformation, to mineral extraction site;Resource;land;m2;0,008074177;;ac25fbf1-2fa6-41dd-80b9-a9bc1cdb2c19;Bromate;Emission to water;fresh water;kg;4,95128E-05
3f12d09b-9c00-3c64-974d-fe55c7853a32;Transformation, to pasture, man made;Resource;land;m2;0,000460153;;93b2bac7-4b0b-45d8-a178-94a79d2e249a;Bromide;Emission to water;fresh water;kg;6,73988E-06
07a366fe-1c9e-4651-ad1a-1da666316417;Transformation, to permanent crop, fruit, intensive;Resource;unspecified;m2;2,10394E-05;;0ad5e195-d1c2-3917-8426-52b4d235efd0;Bromide;Emission to soil;industrial;kg;8,08913E-16
65b5162f-5ca9-4721-91cf-00a929960222;Transformation, to sea and ocean;Resource;unspecified;m2;8,24525E-06;;1977149f-3739-45a3-935a-6c2ebc94bf6f;Bromide;Emission to soil;unspecified;kg;2,60151E-06
9089d7ad-09b1-4174-a188-8844ebde2d5d;Transformation, to shrub land, sclerophyllous;Resource;land;m2;0,000308168;;b311427f-0de3-4190-84a5-05c8460c62d1;Bromine;Emission to water;ground water;kg;8,63928E-05
0abf9db7-b5a2-4c18-8ec6-aca3a7fb5579;Transformation, to traffic area, rail network;Resource;land;m2;0,000210026;;b935e766-fece-4a4f-8f60-b735ea7b214d;Bromine;Emission to water;unspecified;kg;3,09059E-10
04eb0695-e67b-46e5-9516-da6bde119822;Transformation, to traffic area, rail/road embankment;Resource;land;m2;0,004507359;;20bc9500-2e2f-4cba-9332-8ea17d362aba;Bromine;Emission to water;ground water, long-term;kg;2,82476E-05
565414ae-fff7-4f41-9668-a5a7d12874a9;Transformation, to traffic area, road embankment;Resource;unspecified;m2;6,95144E-06;;d32f9dd8-9514-4c22-8c99-2e108609731f;Bromine;Emission to air;low population density;kg;5,65888E-05
a42347d2-09f1-405e-95dd-bf6ac03765d8;Transformation, to traffic area, road network;Resource;land;m2;0,000630467;;c626d246-a314-4dab-b4be-cfb79c230f55;Bromine;Emission to water;fresh water;kg;0,000307289
36965153-1daf-452a-8089-f4b5222c46ae;Transformation, to unknown;Resource;land;m2;0,000523808;;b2208d0f-61a7-4813-9861-af03bf496a05;Bromine;Emission to water;ocean;kg;0,000399651
512a5356-8059-4772-a43f-42e3c4f3d299;Transformation, to unspecified;Resource;land;m2;0,002924609;;77c46f0e-c8c0-4bc3-992c-2a9725d49f70;Bromine;Emission to air;high population density;kg;0,000146331
66f25f1d-1898-4827-bcbb-ca82f15c4d02;Transformation, to urban, continuously built;Resource;land;m2;1,69589E-07;;c24f5894-f95e-4661-ba76-130397348894;Bromine;Emission to air;unspecified;kg;0,000245087
55beee8d-d04e-4307-bb0e-4e113dc07ee7;Transformation, to urban, discontinuously built;Resource;land;m2;1,58331E-06;;45afb543-bc53-471e-8fc9-6ed3a5775071;Bromine;Emission to soil;unspecified;kg;1,48062E-09
426e316e-db90-40ec-9f45-fa08e6db160c;Transformation, to water bodies, artificial;Resource;unspecified;m2;0,0149849;;ee31ac2a-9336-4ed6-8077-9663003bc2f9;Bromochlorodifluoromethane;Emission to air;unspecified;kg;3,8381E-10
90e42c10-53b5-3d2f-9905-ea8b98fdcf8e;Transformation, to water courses, artificial;Resource;land;m2;0,003778626;;494eb62d-3e16-4a81-b344-6d6dfd9fd4e2;Bromochlorodifluoromethane;Emission to air;low population density;kg;3,43998E-08
d0696f95-6cb3-453b-b849-c99ba9c90c28;Ulexite;Resource;in ground;kg;0,000604989;;8c283de2-50d3-40c8-8bff-1e172c3398f8;Bromomethane;Emission to air;unspecified;kg;2,37458E-14
ed65c408-2351-4f62-8430-dcd2f62ab70e;Uranium;Resource;unspecified;kg;4,36193E-07;;82957257-07f3-4536-ac8b-175cb2353c75;Bromotrifluoromethane;Emission to air;low population density;kg;1,9976E-07
2ba5e39b-adb6-4767-a51d-90c1cf32fe98;Uranium;Resource;in ground;kg;0,003991968;;18ddd879-5496-4419-8ab7-e0d3864d977d;Bromotrifluoromethane;Emission to air;high population density;kg;4,32314E-13
3e4d2966-6556-11dd-ad8b-0800200c9a66;Uranium;Resource;in ground;MJ;2050,310217;;4ac2ffc3-312e-4e2d-88c4-2630d4a73d8c;Bromotrifluoromethane;Emission to air;unspecified;kg;4,5072E-09
c9c4b80a-73dd-415a-92fb-f877595651c1;Vanadium;Resource;in ground;kg;1,17237E-11;;e24da787-41ae-4aa3-b13b-36862b5fd10e;Bromoxynil;Emission to soil;agricultural;kg;2,36479E-10
bea19217-6a28-4711-8142-2e71090c0b46;Vermiculite;Resource;in ground;kg;0,0002392;;2603c027-933c-3012-9344-6d22311f2ad6;BTEX (Benzene, Toluene, Ethylbenzene, and Xylene), unspecified ratio;Emission to water;unspecified;kg;7,63893E-10
f6df5030-8e06-4276-bfeb-219db8dab104;Volume occupied, final repository for low-active radioactive waste;Resource;in ground;m3;7,52275E-06;;8a970585-5ce2-4226-b60d-df1c34649a56;Butadiene;Emission to air;low population density;kg;1,07482E-07
adb4b590-7fb2-47b6-84e7-d4746a94c7b5;Volume occupied, final repository for radioactive waste;Resource;in ground;m3;1,8423E-06;;91c76c8e-d725-475d-9be6-a90b99747075;Butadiene;Emission to air;lower stratosphere + upper troposphere;kg;4,40026E-10
9a9d71c7-79f7-42d0-af47-282d22a7cf07;Volume occupied, reservoir;Resource;in water;m3*a;25,86562598;;5064da53-d4ec-44ee-ba23-b20a4f8c4964;Butadiene;Emission to air;unspecified;kg;5,2205E-07
8bd1295e-4af1-4177-88a2-6f56ac8e4546;Volume occupied, underground deposit;Resource;in ground;m3;1,21153E-05;;e7140812-ce3d-49f5-97b0-2fef538217a5;Butadiene;Emission to air;high population density;kg;6,34465E-11
f047cc2a-484b-4aef-8093-ca06853211d2;Waste mass, total, placed in landfill;Resource;in ground;kg;8,661620729;;fa5512cf-04a2-4014-8e96-d3e2d137f0df;Butane;Emission to air;low population density;kg;0,001197283
3e4d9e9e-6556-11dd-ad8b-0800200c9a66;Water;Resource;in water;kg;800,1886999;;892f10da-7bf2-42b3-b171-221989661a05;Butane;Emission to air;high population density;kg;0,000246592
f1ca67fc-fd5c-3179-aeb9-c689f7a8a2af;Water, cooling, unspecified natural origin, CH;Resource;in water;m3;0,00016126;;982b0510-96ac-4bcb-a758-e98006b95f4d;Butane;Emission to air;unspecified;kg;0,065990422
121b0f77-c14f-393e-8b68-30b46e1a426c;Water, cooling, unspecified natural origin, CN;Resource;in water;m3;0,020019052;;fa9cdb03-4565-3b75-9e0a-f333fe4a5f63;Butane, perfluorocyclo-, PFC-318;Emission to air;high population density;kg;3,18474E-11
7b492692-f5e0-393c-9e58-0374b38ae9c5;Water, cooling, unspecified natural origin, KR;Resource;in water;m3;0,000658985;;b9a9b2ad-5db3-47aa-81de-3a48ae9ad4ec;Butanol;Emission to air;unspecified;kg;4,18167E-15
1b018235-eee1-3b86-a629-ef018e1c4799;Water, cooling, unspecified natural origin, RER;Resource;in ground;m3;0,000605982;;efc4290c-1404-4e01-8b5e-e75c6d90615c;Butanol;Emission to air;high population density;kg;4,19265E-10
e86c6358-1283-31b1-af5d-6bf05fc58ff8;Water, cooling, unspecified natural origin, RER;Resource;in water;m3;0,002068729;;3c1079bf-01fb-455d-aa49-026a26ec9445;Butanol;Emission to water;fresh water;kg;4,5906E-07
0c6d244f-6086-3c6e-bd96-f287f8bb74f7;Water, cooling, unspecified natural origin/m3;Resource;in water;m3;8,810695063;;53fc7ec9-1b3f-4d89-ade6-8ca2934c1695;Butene;Emission to air;high population density;kg;4,95783E-06
26e62e38-880d-3c67-a705-33aa05ca78e3;Water, fossil;Resource;in water;m3;0,003322891;;91f6386a-af2e-4bbb-a05c-62e4483b1bcf;Butene;Emission to air;unspecified;kg;3,73161E-06
fe0acd60-3ddc-11dd-ae59-0050c2490048;Water, ground;Resource;in water;kg;2255,519814;;c94d47dd-4ce2-4686-9de0-ef8b64ba5a09;Butene;Emission to water;fresh water;kg;6,63489E-07
1acb026e-9de6-48fe-9e0d-be4d24125bbc;Water, lake;Resource;in water;m3;9,901312547;;262cc485-4e2d-44af-bb1a-c52868186d0b;Butyl acetate;Emission to air;unspecified;kg;1,4595E-09
169587c8-2222-3417-bcd2-7c59d34f654d;Water, lake, RER;Resource;in water;m3;7,41173E-05;;605f4376-2e06-4fdb-8ecb-505ccebeb2d7;Butyl acetate;Emission to water;fresh water;kg;5,95557E-07
a5e216e9-1b15-3a08-ae24-8f8ad8e44f29;Water, process, surface;Resource;in water;kg;0,000547576;;cf8f17ae-5625-44b0-aa47-addedf0ba68a;Butyrolactone;Emission to water;fresh water;kg;6,72334E-09
d2fc8c70-6510-3f1f-933a-39f3a263c609;Water, process, unspecified natural origin/kg;Resource;unspecified;kg;0,005186526;;17ae628d-e769-4aa3-a20e-9f9bad222bf2;Butyrolactone;Emission to air;unspecified;kg;2,25624E-24
e4521dfd-1897-3ab4-a281-b8de776efeb4;Water, process, unspecified natural origin/kg;Resource;land;kg;0,000619384;;9036f1b8-4be6-4d97-96d8-c504acdfa2f0;Butyrolactone;Emission to air;high population density;kg;2,80134E-09
28182006-69ba-388d-9289-00d649518c9d;Water, process, unspecified natural origin/m3;Resource;unspecified;m3;8,55392E-07;;0fecb735-f93d-3d6d-b559-6ab1dc284568;Cadmium II;Emission to air;unspecified;kg;4,59425E-07
f8b55757-7bc1-38e6-b663-6053878c7ebb;Water, process, unspecified natural origin/m3;Resource;land;m3;0,000875718;;89721e33-60fa-4447-bfc6-2f27d44a7893;Cadmium II;Emission to soil;industrial;kg;1,49401E-12
68ee3cd2-e897-3388-b259-38ece38752f2;Water, process, unspecified natural origin/m3;Resource;in water;m3;0,001212894;;3937f5a5-b4a4-434d-9fc3-1d29064fc3f8;Cadmium II;Emission to water;ground water;kg;8,11171E-07
e0241436-ad0b-40ab-90f8-db4fd79f4e8c;Water, rain;Resource;in water;kg;87,97463982;;86eaeab4-5769-342f-9659-3505361510a6;Cadmium II;Emission to soil;agricultural;kg;6,9508E-08
8c75e7ab-8ab8-41e4-b394-c166ff5b050d;Water, river;Resource;in water;m3;165,0071333;;2712fe5f-0d3c-4c8e-8bc4-26c604413849;Cadmium II;Emission to water;unspecified;kg;4,76818E-07
97e0b4de-c073-3058-9255-ca02259635a9;Water, river, RER;Resource;in water;m3;0,002431637;;810b11b4-6438-4b30-b9a1-8202b2a53145;Cadmium II;Emission to water;fresh water;kg;1,95902E-05
629ffbca-ca71-4e4b-a006-ca9bdd9cd1df;Water, salt, ocean;Resource;in water;m3;82,76146087;;68701316-d3f5-4e08-8814-6b3b28712d85;Cadmium II;Emission to water;lake;kg;2,66717E-08
79238018-8ec1-4615-9469-2b0df95a43c3;Water, salt, sole;Resource;in water;m3;0,000184534;;cd26472d-d670-49fd-9df2-f689a14e9892;Cadmium II;Emission to water;fresh water;kg;1,21963E-06
1f31247d-6556-11dd-ad8b-0800200c9a66;Water, surface;Resource;in water;kg;1153,676582;;62fcd384-906d-474f-a84b-9f944b78f804;Cadmium II;Emission to water;ocean;kg;1,27929E-07
8c1494a5-4987-4715-aa2d-1908c495f4eb;Water, turbine use, unspecified natural origin;Resource;in water;m3;3443,909203;;23eaa36d-add4-4219-961e-ca7104dc0de9;Cadmium II;Emission to air;low population density, long-term;kg;5,90426E-07
1baf1a48-b8c8-41eb-ab63-8ca4eff57466;Water, unspecified natural origin, AE;Resource;in water;m3;1,04833E-06;;0c5da324-34a7-4e38-98e5-18a8625a2b7c;Cadmium II;Emission to water;ground water, long-term;kg;0,00035242
fc5a32f2-49fe-301b-8b83-0cf215b5df36;Water, unspecified natural origin, AO;Resource;in water;m3;2,51149E-05;;36e53653-1338-42c7-816c-f6667809e0b1;Cadmium II;Emission to air;high population density;kg;3,64521E-06
7034e47d-1177-373f-9d7b-3077d9ad8a70;Water, unspecified natural origin, AR;Resource;in water;m3;8,92701E-07;;e2d58f90-9aac-4ac4-87f7-bbd6cfc358e3;Cadmium II;Emission to air;low population density;kg;1,57132E-05
2209c8ab-e9e5-3d80-91df-2ab294dace23;Water, unspecified natural origin, AT;Resource;in water;m3;6,71176E-06;;1c5a7322-9261-4d59-a692-adde6c12de92;Cadmium II;Emission to air;unspecified;kg;6,42803E-05
f89ef148-c13f-36a1-ac83-e4c049a15e63;Water, unspecified natural origin, AU;Resource;in water;m3;2,86379E-07;;b74e2a3f-6692-3f75-b41b-58a4cff78c28;Cadmium II;Emission to air;lower stratosphere + upper troposphere;kg;3,07898E-17
ef107e3a-d7e5-3e7a-b87d-36f38d602918;Water, unspecified natural origin, AZ;Resource;in water;m3;1,08576E-05;;12d6029e-3801-42ee-a1bc-1ebf936884fc;Cadmium II;Emission to soil;unspecified;kg;2,86354E-07
e2142b9a-dcaa-3d50-bae4-a1a5193d1f91;Water, unspecified natural origin, BE;Resource;in water;m3;7,91385E-06;;fe0acd60-3ddc-11dd-a294-0050c2490048;Cadmium II;Emission to water;ocean;kg;1,12444E-05
ab92ef07-03ba-3f2c-8568-0805e78fad4d;Water, unspecified natural origin, BR;Resource;in water;m3;1,50861E-07;;e429b852-e421-4fcb-8a9b-b0241863bfb2;Cadmium II;Emission to soil;agricultural;kg;2,13E-07
c645d610-57c4-3c59-8db6-af117b18fed7;Water, unspecified natural origin, CA;Resource;in water;m3;1,94894E-05;;e189eb4e-0f6a-4054-aaf8-47df28c87ec4;Caesium I;Emission to water;ocean;kg;8,44672E-07
d512585c-a3ff-3bd4-8854-3d23c14926c0;Water, unspecified natural origin, CH;Resource;in water;m3;0,002235433;;96f0a692-ddb9-4a4c-8236-7c943929653d;Caesium I;Emission to water;surface water;kg;2,07779E-10
b1ce6081-bd7a-3a6b-93ac-db263d62a141;Water, unspecified natural origin, CL;Resource;in water;m3;1,7309E-09;;4f2051b8-22e6-4592-8803-1e984f8fa61b;Caesium-134;Emission to air;unspecified;kBq;0,001036314
be16cf07-da08-3ff5-856d-0e1f2aa3e806;Water, unspecified natural origin, CN;Resource;in water;m3;0,004100331;;9d9246d4-0ce3-4b47-8491-cf62e562ad38;Caesium-134;Emission to water;unspecified;kBq;1,01319E-05
744c9feb-f213-37a3-b059-d02c95079634;Water, unspecified natural origin, CO;Resource;in water;m3;8,91433E-07;;8c66a07d-1b6f-488f-b301-afc79b46aa76;Caesium-134;Emission to water;fresh water;kBq;0,190041292
1f336260-3f58-3bde-9a62-471222d9248d;Water, unspecified natural origin, CZ;Resource;in water;m3;1,50102E-05;;5e09ac47-20a5-46d5-a360-60586cf30478;Caesium-134;Emission to water;ocean;kBq;0,005356008
af44fff2-0c47-3785-b610-c950776f117a;Water, unspecified natural origin, DE;Resource;in water;m3;0,000238499;;39b3200d-f95a-413a-9c96-6d90345d9dca;Caesium-134;Emission to air;low population density;kBq;9,78627E-08
c98c091d-133f-372b-8329-514e882990a9;Water, unspecified natural origin, DK;Resource;in water;m3;3,26438E-06;;d3816f54-d6be-4806-8c7b-cb4e183e73a6;Caesium-136;Emission to water;fresh water;kBq;2,37832E-06
aa13e363-e58b-3b01-bb51-e5fb7b07a4e8;Water, unspecified natural origin, DZ;Resource;in water;m3;0,000276549;;0ac31b4a-b16d-40c8-928f-cdb8053d988f;Caesium-137;Emission to water;fresh water;kBq;1,753281378
585ef0b1-6194-3653-8208-2ef96fb9ef69;Water, unspecified natural origin, EC;Resource;in water;m3;6,19007E-07;;0097bf60-3729-40b6-94d0-06bd6146cfc2;Caesium-137;Emission to water;ocean;kBq;1,198896739
3d158484-4213-38c5-9b86-b5fa643c5eef;Water, unspecified natural origin, EG;Resource;in water;m3;1,26891E-05;;8bbe0b4c-5c9c-4959-a878-572f680e428d;Caesium-137;Emission to water;unspecified;kBq;6,01794E-05
5f9e8551-455c-393e-86c9-27683f6d9d5f;Water, unspecified natural origin, ES;Resource;in water;m3;3,0282E-05;;42948a91-29c3-3789-883e-c50836d1dbe8;Caesium-137;Emission to air;low population density;kBq;1,75609E-06
9c902cbf-7ad2-316b-9741-ca1886b12582;Water, unspecified natural origin, FI;Resource;in water;m3;6,93801E-07;;7b87ce50-ede0-40fa-a3ee-5f72553af0e7;Caesium-137;Emission to air;unspecified;kBq;0,00211339
66e3f915-d5e1-3df9-8e35-3c2cbb83d132;Water, unspecified natural origin, FR;Resource;in water;m3;2,29346E-05;;9e82f459-ca38-43dd-9c30-3913ed433ed8;Calcium;Emission to water;fresh water;kg;19,59969652
191319b7-f72f-3f3a-b2cd-56ea835f9c35;Water, unspecified natural origin, GB;Resource;in water;m3;5,81432E-07;;2feed42c-5c1a-4770-a233-6d4e0cf8f02e;Calcium;Emission to water;unspecified;kg;1,31262E-08
e02aa261-4006-3888-bc5c-3d2485e0d1af;Water, unspecified natural origin, GLO;Resource;in water;m3;9,94929E-05;;08a91e70-3ddc-11dd-9234-0050c2490048;Calcium;Emission to water;ocean;kg;0,100664671
d9678224-9f7d-3cc6-a6da-7723994ac6c1;Water, unspecified natural origin, GQ;Resource;in water;m3;7,0308E-18;;313b9346-b5b7-385a-b5d6-a59e11fd57cf;Calcium;Emission to water;ground water;kg;0,076953734
2f0c7a7b-a356-32e7-a4bc-8b7659cd280e;Water, unspecified natural origin, GR;Resource;in water;m3;8,28726E-06;;0b618540-b445-3ae0-85b9-210d3fe3d514;Calcium;Emission to water;lake;kg;0,000243153
d1c8d077-456b-3a90-beda-efd04ba20b49;Water, unspecified natural origin, HU;Resource;in water;m3;1,29426E-05;;a2017716-a6ee-3c76-adf4-eab05dcfeb14;Calcium;Emission to water;ground water, long-term;kg;7,32149072
a86039a0-60df-3c4a-8747-396c7f654613;Water, unspecified natural origin, ID;Resource;in water;m3;8,36445E-08;;55bf893f-0d89-429c-be59-2f99b33ddb11;Calcium II;Emission to water;ocean;kg;1,77285E-16
a14b80e7-0349-387a-bdf9-14b4e3175ab7;Water, unspecified natural origin, IE;Resource;in water;m3;4,67861E-07;;57117e3c-15aa-4b4d-b953-6d33986aa5aa;Calcium II;Emission to soil;industrial;kg;0,004835306
5ef54da5-e7c2-3ac7-a01c-45725d131111;Water, unspecified natural origin, IL;Resource;in water;m3;5,38649E-10;;f16fa1da-e426-4820-bf9d-71595c22283b;Calcium II;Emission to soil;agricultural;kg;8,70844E-05
0442b465-5c0f-4ca3-835f-35c71d84cf84;Water, unspecified natural origin, IN;Resource;in water;m3;7,17177E-07;;e681e6ba-2d66-4f17-8812-e8c74bdcf7e8;Calcium II;Emission to soil;unspecified;kg;0,32751756
ba90dc06-1007-3bd8-b349-ab1a28c6c881;Water, unspecified natural origin, IQ;Resource;in water;m3;1,37951E-05;;ac066c02-b403-407b-a1f0-b29ad0f8188f;Calcium II;Emission to water;surface water;kg;2,20636E-06
4db66345-a222-38d0-b927-71354c79ab5e;Water, unspecified natural origin, IR;Resource;in water;m3;2,43468E-07;;15fd8f0f-c3c2-4f63-b8d0-86793a22aacd;Calcium II;Emission to air;low population density;kg;2,20418E-06
acb7676c-2874-3e55-b74a-0aa3144f9362;Water, unspecified natural origin, IT;Resource;in water;m3;2,87059E-05;;a912f450-5233-489b-a2e9-8c029fab480f;Calcium II;Emission to air;high population density;kg;0,001122634
0a89160c-168b-3315-a7f7-5543bc60cedf;Water, unspecified natural origin, JP;Resource;in water;m3;4,93935E-09;;08151735-9d1b-4b1c-a8b1-f341ade54f2f;Calcium II;Emission to water;unspecified;kg;1,42587E-08
91255acb-4f00-386b-a992-69fb9ee23a6a;Water, unspecified natural origin, KR;Resource;in water;m3;0,000915726;;b87016c6-ac91-4414-98ce-fb665e0a6d2e;Calcium II;Emission to air;unspecified;kg;8,44648E-07
968a83cf-8765-4b39-801a-af9c0c712370;Water, unspecified natural origin, KW;Resource;in water;m3;9,0891E-07;;cac53ea3-b11c-47a6-adfd-678672a088e6;Calcium II;Emission to air;low population density, long-term;kg;0,001405213
ccb94b1f-82c6-36a8-beab-23780c7aef13;Water, unspecified natural origin, KZ;Resource;in water;m3;3,59098E-05;;fe0acd60-3ddc-11dd-9fcf-0050c2490048;Caprolactam;Emission to air;unspecified;kg;2,00665E-10
3386ab8b-ae28-3ee9-acee-f047b70d1e13;Water, unspecified natural origin, LU;Resource;in water;m3;1,98556E-07;;bc0a4d1f-3ada-4dd8-8ab4-97dc45db3295;Carbendazim;Emission to soil;agricultural;kg;3,38157E-07
99336b94-8bae-43b2-ba46-11a957a1e9d8;Water, unspecified natural origin, LY;Resource;in water;m3;2,43428E-05;;21f84442-7dc8-492a-8253-867dd1caf8d6;Carbetamide;Emission to soil;agricultural;kg;1,92421E-07
e019ad54-9648-3c71-bf85-3143e6a52f9c;Water, unspecified natural origin, MX;Resource;in water;m3;1,67111E-06;;3c054a6e-2f9c-4e5e-9231-c61bc85a250a;Carbofuran;Emission to soil;agricultural;kg;3,39032E-07
b94df422-b76f-3d10-91ef-83dc99967b51;Water, unspecified natural origin, MY;Resource;in water;m3;7,97991E-05;;7f8fd1ca-0412-4b2e-90fd-a9d294d947a3;Carbon;Emission to soil;industrial;kg;0,003626448
5be12c93-e3f1-3ea2-bddc-f93faa030aa6;Water, unspecified natural origin, NG;Resource;in water;m3;7,17271E-06;;62859da4-f3c5-417b-a575-8b00d8d658b1;Carbon;Emission to soil;agricultural;kg;0,000378574
9884d663-bda2-3b45-9c73-e51d799e4890;Water, unspecified natural origin, NL;Resource;in water;m3;2,51905E-05;;08c652a9-77b6-4263-ac7b-c249a92457b9;Carbon (total);Emission to air;unspecified;kg;2,92117E-09
b814ad10-9968-3b90-98d4-ea45fa736cd8;Water, unspecified natural origin, NO;Resource;in water;m3;4,15733E-07;;b978d369-ac8b-4c1e-b010-d0e0406733d9;Carbon black;Emission to air;unspecified;kg;6,12477E-05
b2560e1a-b327-3887-9eb7-8c146019ba58;Water, unspecified natural origin, NZ;Resource;in water;m3;1,51094E-11;;7ae371aa-8532-11e0-9d78-0800200c9a66;Carbon dioxide;Emission to air;unspecified;kg;911,9590796
4860998f-d904-455d-96a9-f67462d00c8b;Water, unspecified natural origin, OM;Resource;in water;m3;1,09491E-06;;16eeda8a-1ea2-408e-ab37-2648495058dd;Carbon dioxide, fossil;Emission to air;lower stratosphere + upper troposphere;kg;0,000241978
cebbe3db-e3fb-3427-ae56-339db67f4fb2;Water, unspecified natural origin, PE;Resource;in water;m3;6,13053E-06;;aa7cac3a-3625-41d4-bc54-33e2cf11ec46;Carbon dioxide, fossil;Emission to air;low population density;kg;112,1123964
e9649289-4111-3ec4-80fd-770952c30c49;Water, unspecified natural origin, PL;Resource;in water;m3;2,48373E-07;;f9749677-9c9f-4678-ab55-c607dfdc2cb9;Carbon dioxide, fossil;Emission to air;high population density;kg;1717,539654
8dee1571-3aa3-30b5-96bd-25bfb82df9f0;Water, unspecified natural origin, PT;Resource;in water;m3;3,64298E-06;;349b29d1-3e58-4c66-98b9-9d1a076efd2e;Carbon dioxide, fossil;Emission to air;unspecified;kg;34,62131059
da1212dd-fcbc-4dbc-879d-870a8bfc175b;Water, unspecified natural origin, QA;Resource;in water;m3;1,91606E-05;;6d89125e-e9b7-4d7e-a1fc-ada45dbd8815;Carbon dioxide, land transformation;Emission to air;lower stratosphere + upper troposphere;kg;0,141127363
10e7a3bc-9edc-322b-b3eb-0ca651428c2c;Water, unspecified natural origin, RER;Resource;in water;m3;0,054420102;;eba59fd6-f37e-41dc-9ca3-c7ea22d602c7;Carbon dioxide, non-fossil;Emission to air;unspecified;kg;4,430580601
1ba56136-54c1-3840-ab0c-34f1e333412c;Water, unspecified natural origin, RO;Resource;in water;m3;6,17159E-07;;d6235194-e4e6-4548-bfa3-ac095131aef4;Carbon dioxide, non-fossil;Emission to air;low population density;kg;22,23592398
13aaabea-44e4-3313-a5ef-f659583457c8;Water, unspecified natural origin, RU;Resource;in water;m3;0,000282824;;73ed05cc-9727-4abf-9516-4b5c0fe54a16;Carbon dioxide, non-fossil;Emission to air;high population density;kg;18,23858202
f5c7faf0-ff52-3c42-87d0-b42a7428cdd8;Water, unspecified natural origin, SA;Resource;in water;m3;7,22485E-06;;99654797-afd2-4340-8d36-08d3cd92dac4;Carbon disulfide;Emission to water;fresh water;kg;4,33291E-09
ff89405e-fc23-3abf-a015-0fffa7a5857b;Water, unspecified natural origin, SE;Resource;in water;m3;4,05546E-06;;15f9ebbb-b1b5-4bf7-88c6-d99424f5eced;Carbon disulfide;Emission to air;low population density;kg;0,00098094
c1da8827-6e4a-3fbd-a3aa-756507cb6c2b;Water, unspecified natural origin, TH;Resource;in water;m3;5,682E-09;;d94a5a1a-bc06-48fd-b6d9-7477ea65cacd;Carbon disulfide;Emission to air;unspecified;kg;8,17224E-08
5fd1a9d0-5af6-35d4-b42c-dd1f3f7955ba;Water, unspecified natural origin, TM;Resource;in water;m3;3,38852E-06;;14b6726a-44bf-4ad4-b933-02470d84c22a;Carbon disulfide;Emission to air;high population density;kg;5,52666E-09
e8e6e8f7-373e-3381-b6cf-bb6d4ddb2d76;Water, unspecified natural origin, TR;Resource;in water;m3;1,91611E-09;;7ae371ac-8532-11e0-9d78-0800200c9a66;Carbon monoxide;Emission to air;unspecified;kg;1,068792437
52f909df-f7f1-48e2-b040-836ded1971d2;Water, unspecified natural origin, TT;Resource;in water;m3;1,16475E-05;;a3beb5ac-5149-47f6-a035-53fc5030f10a;Carbon monoxide, fossil;Emission to air;lower stratosphere + upper troposphere;kg;1,45765E-07
8a53cd60-6f2d-36be-b644-8b31e70dfb01;Water, unspecified natural origin, UA;Resource;in water;m3;4,39689E-07;;099b36ab-4c03-4587-87f4-2f81e337afb8;Carbon monoxide, fossil;Emission to air;low population density;kg;0,280414452
45fa090d-ec34-3e43-b374-bf56e72ad973;Water, unspecified natural origin, US;Resource;in water;m3;0,001380466;;ba2f3f82-c93a-47a5-822a-37ec97495275;Carbon monoxide, fossil;Emission to air;unspecified;kg;0,068154179
51ed3016-26da-36b0-a45b-99d18c196ad8;Water, unspecified natural origin, UZ;Resource;in water;m3;9,15001E-07;;6edcc2df-88a3-48e1-83d8-ffc38d31c35b;Carbon monoxide, fossil;Emission to air;high population density;kg;0,037560086
662a32d3-d2cf-3073-be37-a6f7c43697b7;Water, unspecified natural origin, VE;Resource;in water;m3;7,61754E-07;;b58c0d57-fecb-3079-aaf3-49e239bca4cb;Carbon monoxide, non-fossil;Emission to air;low population density;kg;0,013927484
0ddd6caf-92a9-3e7c-9d36-c9cf98677cb9;Water, unspecified natural origin, ZA;Resource;in water;m3;8,29529E-10;;9afa0173-ecbd-4f2c-9c5c-b3128a032812;Carbon monoxide, non-fossil;Emission to air;high population density;kg;1,23331E-06
7c0da4f3-d0f3-33c2-b2ae-1da5f9954dda;Water, unspecified natural origin/m3;Resource;unspecified;m3;0,029483107;;550eaab3-16d8-3b28-a1a1-5aa018fd394c;Carbon monoxide, non-fossil;Emission to air;high population density;kg;0,017198316
19aab6f1-1672-3234-8388-12b718220714;Water, unspecified natural origin/m3;Resource;in water;m3;0,102336469;;2cb2333c-1599-46cf-8435-3dffce627524;Carbon monoxide, non-fossil;Emission to air;unspecified;kg;1,55035E-08
0c755f21-5270-3341-9239-4f4fd780e143;Water, well;Resource;in water;m3;0,969561315;;4d93311d-5fc2-4f86-ab4f-b223ee9350e5;Carbon tetrachloride;Emission to water;surface water;kg;1,18289E-08
84b4aad2-e075-3283-9e44-a1ef7b4ad3d1;Water, well, GLO;Resource;in water;m3;0,001703607;;9a366c85-61a0-48bd-8af0-a2a96b327bc1;Carbon tetrachloride;Emission to water;unspecified;kg;2,79831E-10
6c914058-b15a-396f-b942-1d65f97a1d16;Water, well, RER;Resource;in water;m3;0,000121521;;df5f3f08-b71d-4816-b861-59604c1e6f11;Carbon-14;Emission to water;ocean;kBq;0,445587647
f2ce99d9-8d07-35d6-9b95-b65043c38a1f;Water, well, RER;Resource;in ground;m3;9,3815E-05;;c18f9e43-e4ad-4b3a-8ed8-638fe8015425;Carbon-14;Emission to water;unspecified;kBq;6,8001E-06
bac875f4-75fb-4dde-841a-b07d3a41bcd1;Wood, hard, standing;Resource;biotic;m3;0,012490058;;19256c0f-bea8-4e61-9499-8cc2f84953f8;Carbon-14;Emission to air;low population density;kBq;6,111798126
28528881-7154-48d5-9cc3-5c13ddcdc47a;Wood, primary forest, standing;Resource;biotic;m3;8,87915E-06;;90975fe0-331c-4125-8881-2a454ad79542;Carbon-14;Emission to water;fresh water;kBq;0,188890704
b073ec00-a5bf-4b64-bda0-ef366a3ac9bb;Wood, soft, standing;Resource;biotic;m3;0,015336965;;bfc66f26-0b11-4e6e-9e8c-2bfde24dc23c;Carbon-14;Emission to air;unspecified;kBq;4,627857805
23e83c1f-07c9-4b5f-a898-0f4f09a6691f;Wood, unspecified, standing;Resource;biotic;m3;1,22239E-09;;0d213eaa-6dec-4669-b75e-4afeb06ac31d;Carbonate;Emission to water;ocean;kg;0,032641988
ff590d5c-8e87-3d10-8e3d-b0c4d68568fc;Wood, unspecified, standing/kg;Resource;unspecified;kg;2,24762E-14;;b713c6cf-2a23-40f6-8e8d-ef5175d16bd0;Carbonate;Emission to water;fresh water;kg;0,006036787
6b7c3ba0-daa7-3fef-a2e1-f11f3c4bcfab;Wood, unspecified, standing/m3;Resource;unspecified;m3;3,58441E-08;;d69a88ae-927d-328f-b750-857b2c44131f;Carbonate;Emission to water;lake;kg;1,37069E-05
be73218b-18af-492e-96e6-addd309d1e32;Zinc;Resource;in ground;kg;0,010844339;;5bf42116-d991-4688-bf12-e3a6d9330b68;Carboxylic acids, unspecified;Emission to water;ocean;kg;0,002144755
64b1ce4a-6556-11dd-ad8b-0800200c9a66;Zinc II;Resource;in ground;kg;0,007808528;;017be306-b88a-4d3a-a906-b8734b72b6fb;Carboxylic acids, unspecified;Emission to water;unspecified;kg;0,00100848
76bcc22f-224c-40a4-9b22-9621467498cf;Zirconium;Resource;in ground;kg;6,3791E-06;;2a63690a-ff84-314b-b7b8-d34b6ff130bf;Cerium;Emission to water;unspecified;kg;2,87244E-09
;;;;;;;7d65e225-0ca3-4467-82f8-a8c09d66eac0;Cerium-141;Emission to air;low population density;kBq;2,04334E-06
;;;;;;;d43d6bbf-7fdc-48c8-b2be-5e4040f85ddd;Cerium-141;Emission to water;fresh water;kBq;9,28239E-06
;;;;;;;401e79d4-43a3-4000-ae78-39ba6cb80948;Cerium-144;Emission to water;fresh water;kBq;4,07954E-06
;;;;;;;85cc4ef6-5fa2-3a1e-809d-3502836bf657;Chemically polluted water;Emission to water;unspecified;kg;3,322890812
;;;;;;;b34d0551-cb9a-4d3f-95ad-2cdb380d5cd1;Chloramine;Emission to air;high population density;kg;8,88192E-10
;;;;;;;2b84be2e-7b2a-48d1-b641-c68a5d717809;Chloramine;Emission to water;fresh water;kg;7,93545E-09
;;;;;;;b3ab5f13-cc7b-40be-882c-936cc8697707;Chlorate;Emission to water;fresh water;kg;0,000390638
;;;;;;;024e919d-91ee-47c7-9f0b-ebe851cc61fb;Chlorate;Emission to water;unspecified;kg;1,56596E-06
;;;;;;;ca347524-6865-416f-95b5-76e086b46fd7;Chloride;Emission to water;fresh water;kg;51,57990133
;;;;;;;6d25e386-4ef9-4d40-85c6-e694f523a4da;Chloride;Emission to water;unspecified;kg;0,00489152
;;;;;;;cd4d51de-472f-45d4-9a04-96f5468225f7;Chloride;Emission to water;river, long-term;kg;2,73009E-07
;;;;;;;ea70cc93-c68c-4228-8b8e-1b189b4c705c;Chloride;Emission to water;ground water, long-term;kg;0,658712814
;;;;;;;6c97741f-8760-4a39-9e90-b534ca137a36;Chloride;Emission to soil;unspecified;kg;0,009754077
;;;;;;;97818104-9cc2-4323-97d5-c896ce171f86;Chloride;Emission to water;ocean;kg;3,158779556
;;;;;;;85bec19f-c785-4364-8ef6-472b8e9dd90e;Chloride;Emission to water;ground water;kg;0,41919663
;;;;;;;6ab08314-53e1-4c4b-963f-3c6e6970273d;Chloride;Emission to soil;agricultural;kg;4,40672E-08
;;;;;;;63e7b031-8549-11e0-9d78-0800200c9a66;Chloride;Emission to air;unspecified;kg;0,028260122
;;;;;;;b1991748-2151-4b51-8cdb-a8b4203677dc;Chloride;Emission to soil;industrial;kg;0,004230864
;;;;;;;294ad94c-c306-3405-85fc-2c813981af70;Chloride;Emission to water;lake;kg;0,00043329
;;;;;;;f6f5933a-5119-41aa-a5ec-7919706c59f2;Chlorinated solvents, unspecified;Emission to water;unspecified;kg;1,6818E-06
;;;;;;;6b9753b0-7284-4dd1-891b-01ba9f3fe5f7;Chlorinated solvents, unspecified;Emission to water;ocean;kg;2,88076E-11
;;;;;;;5370addb-668e-4223-9a58-8ae947807c27;Chlorine;Emission to air;low population density, long-term;kg;5,36107E-05
;;;;;;;39d1390a-ded6-41cb-a536-d47510bf2fbc;Chlorine;Emission to air;unspecified;kg;1,1875E-05
;;;;;;;e8641a14-fd07-4090-8daf-2cce2a557a81;Chlorine;Emission to water;unspecified;kg;2,57115E-07
;;;;;;;42ac7dee-8152-4874-a742-c1c432792a3a;Chlorine;Emission to soil;unspecified;kg;3,85331E-08
;;;;;;;247ac273-60fa-4e21-9408-793f75fa1d37;Chlorine;Emission to air;high population density;kg;8,43031E-05
;;;;;;;61959a56-e6c3-4f90-951d-a64be86964d6;Chlorine;Emission to soil;industrial;kg;1,34008E-15
;;;;;;;c76ddd9e-fd9c-47c5-9b95-ad924146f0bb;Chlorine;Emission to air;low population density;kg;1,23278E-06
;;;;;;;fe0acd60-3ddc-11dd-b143-0050c2490048;Chlorine;Emission to soil;forestry;kg;2,33211E-06
;;;;;;;5c713f70-cf9f-4854-bd25-28c6f1082868;Chlorine;Emission to water;fresh water;kg;0,00356169
;;;;;;;d17f1c53-ff95-4005-9f1b-131ca9791cdb;Chlorine;Emission to water;ground water;kg;3,85331E-08
;;;;;;;79744e20-ead1-4efe-8854-78145fd72aaf;Chlorine dioxide;Emission to air;unspecified;kg;1,1678E-11
;;;;;;;f0fb5b72-294e-4d86-b433-883e5f6e97fd;Chlormequat;Emission to soil;agricultural;kg;1,45378E-06
;;;;;;;ed38a7d2-ffa5-4c28-9aea-dd9df0d1898b;Chloroacetic acid;Emission to air;high population density;kg;1,00234E-08
;;;;;;;cdcbbd53-293a-41ef-a3d4-c599a86d29e3;Chloroacetic acid;Emission to water;fresh water;kg;1,17508E-07
;;;;;;;165fe087-fe45-444f-92d7-9f00ecf10a3e;Chloroacetyl chloride;Emission to water;fresh water;kg;4,42402E-10
;;;;;;;56b7d3b6-83d7-42b0-a65b-5ad23e29db47;Chlorodifluoromethane;Emission to air;low population density;kg;1,98178E-05
;;;;;;;8ca6c84b-7f56-47e6-8d17-4f2dbc49a943;Chlorodifluoromethane;Emission to air;high population density;kg;8,87022E-09
;;;;;;;18c582fe-7336-4138-8797-2db8b7a754c7;Chlorodifluoromethane;Emission to air;unspecified;kg;5,44117E-06
;;;;;;;dd5613aa-888e-483b-a529-49d446d1a823;Chloroethylene;Emission to water;fresh water;kg;1,26054E-10
;;;;;;;fbf6ab3a-74e3-4cbe-b61d-959728bdce46;Chloroform;Emission to air;unspecified;kg;6,04024E-08
;;;;;;;3d5051b0-08d6-40ef-8d0c-de90edb39c39;Chloroform;Emission to water;unspecified;kg;6,94615E-10
;;;;;;;fa9b9736-6de8-4bd6-ba22-1bd78c798373;Chloroform;Emission to air;low population density;kg;4,97732E-09
;;;;;;;5ce5a503-6244-4272-b306-0e67b73fcac3;Chloroform;Emission to water;fresh water;kg;1,21746E-08
;;;;;;;4cadbc9f-0472-4bb9-a942-df5b90e37878;Chloroform;Emission to air;high population density;kg;1,50792E-07
;;;;;;;391e5b72-7705-467f-ae7f-f44875b5f18b;Chlorophenols unspecified;Emission to water;unspecified;kg;2,63149E-12
;;;;;;;ca5d5ccf-1a8e-48b9-a596-09561a101c39;Chlorosilane, trimethyl-;Emission to soil;unspecified;kg;2,73056E-18
;;;;;;;d46ae140-6502-4335-ab1c-9d6eab19ce78;Chlorosulfonic acid;Emission to air;high population density;kg;2,80868E-10
;;;;;;;c7d6ba99-2de5-4a3d-9a9d-f3303c2d9a5b;Chlorosulfonic acid;Emission to water;fresh water;kg;7,00407E-10
;;;;;;;06b8a67f-5044-4060-be71-04e1dfc31e24;Chlorothalonil;Emission to soil;agricultural;kg;6,19543E-07
;;;;;;;e8bc4c9e-c34f-4983-aea0-2433f3397a3a;Chlorotoluron;Emission to soil;agricultural;kg;3,51557E-09
;;;;;;;e06e2e1e-ad87-49e2-a184-f2d1c48b7b46;Chlorotrifluoromethane;Emission to air;unspecified;kg;3,12103E-06
;;;;;;;736923cd-6eb7-4896-98f8-46951d56da97;Chlorpyrifos;Emission to soil;agricultural;kg;1,75169E-09
;;;;;;;e7881581-21b3-4f5c-bd63-6b0684b5e712;Chromium III;Emission to soil;agricultural;kg;-2,81497E-10
;;;;;;;7ec8c6c1-e62a-4000-a1f6-bce131634f1b;Chromium III;Emission to water;fresh water;kg;0,000473202
;;;;;;;20e262b9-e0b6-3afc-9e0f-a669e78dcf5c;Chromium III;Emission to air;unspecified;kg;1,56123E-11
;;;;;;;e0336c9b-a0ff-4ae3-b8bb-ca1e46bbbc11;Chromium III;Emission to soil;unspecified;kg;5,9733E-05
;;;;;;;57f5082e-71dc-3cfa-ada2-3aa759cc3cba;Chromium III;Emission to water;lake;kg;3,65517E-07
;;;;;;;e142b577-e934-4085-9a07-3983d4d92afb;Chromium III;Emission to air;unspecified;kg;0,000402772
;;;;;;;08a91e70-3ddc-11dd-9f79-0050c2490048;Chromium III;Emission to soil;agricultural;kg;4,86279E-06
;;;;;;;08a91e70-3ddc-11dd-9f7b-0050c2490048;Chromium III;Emission to air;unspecified;kg;3,81979E-06
;;;;;;;7c84d9a4-a5bb-4fe5-95ad-b51a096a255a;Chromium III;Emission to water;fresh water;kg;0,006695509
;;;;;;;08a91e70-3ddc-11dd-9f77-0050c2490048;Chromium III;Emission to water;ocean;kg;0,001535877
;;;;;;;056fb035-70db-4dba-bff0-773a3da55b87;Chromium III;Emission to soil;unspecified;kg;4,97792E-09
;;;;;;;7705f0e1-5b14-44f4-b330-1245b5c7fc08;Chromium III;Emission to air;high population density;kg;5,47649E-06
;;;;;;;60c851be-90e2-3de1-a5a3-9ffc8979a9c1;Chromium III;Emission to soil;industrial;kg;6,0459E-06
;;;;;;;2a5ed451-12a2-47db-b4dc-fa0bfbc01d79;Chromium III;Emission to air;lower stratosphere + upper troposphere;kg;1,53976E-16
;;;;;;;30f484ee-dec4-47ae-8e92-d00d4b93fe05;Chromium III;Emission to water;unspecified;kg;1,28696E-06
;;;;;;;1c87de06-e58f-4684-a54c-d29f1a251a87;Chromium III;Emission to water;ground water;kg;3,49788E-08
;;;;;;;01558950-c47c-34f9-b4f2-39ca1c809384;Chromium III;Emission to soil;agricultural;kg;6,1999E-07
;;;;;;;017c1ca1-8e93-3c85-b743-c8676bfd305a;Chromium III;Emission to air;low population density;kg;0,000171311
;;;;;;;ef475b50-9cd0-4e7c-9c59-07868fe16e91;Chromium VI;Emission to water;ground water, long-term;kg;0,002009382
;;;;;;;03b279a7-4626-4703-a451-d0650599dbd9;Chromium VI;Emission to air;low population density;kg;4,24671E-06
;;;;;;;c2e854f9-fe22-4fe7-9083-cf6d0a8c7254;Chromium VI;Emission to air;low population density, long-term;kg;2,78681E-06
;;;;;;;9bbae55a-35de-4eff-a219-814a9fec5ac2;Chromium VI;Emission to water;ground water;kg;7,89892E-05
;;;;;;;7a59e8d5-cd11-4ee7-b1ca-30979d2b0b3a;Chromium VI;Emission to air;high population density;kg;2,22867E-07
;;;;;;;81b3321a-c9d8-4104-a974-5460f1bc5029;Chromium VI;Emission to water;ocean;kg;2,98721E-09
;;;;;;;caa6bc06-e7e6-4f08-acd3-2163db51e395;Chromium VI;Emission to water;fresh water;kg;3,57514E-05
;;;;;;;68ba2022-830e-45fb-8c85-b35e94754ae9;Chromium VI;Emission to soil;unspecified;kg;9,78967E-05
;;;;;;;a9ec0c9b-982a-4329-99ae-dab1f9fb62d3;Chromium VI;Emission to water;unspecified;kg;2,44217E-07
;;;;;;;81e17d9a-3e0b-414e-9b2e-eca7e5b3bd4a;Chromium VI;Emission to air;unspecified;kg;1,07456E-07
;;;;;;;4d9a8790-3ddd-11dd-8fd3-0050c2490048;Chromium, ion;Emission to soil;forestry;kg;4,02303E-07
;;;;;;;caffa231-9312-46b9-bbdf-c2782d225ef0;Chromium-51;Emission to air;low population density;kBq;1,30937E-07
;;;;;;;089c048e-f098-452a-b0da-f3480d8725bd;Chromium-51;Emission to water;fresh water;kBq;0,001926972
;;;;;;;52e025e9-aa34-4157-9e19-10b8205974da;Chrysene;Emission to air;unspecified;kg;5,09209E-08
;;;;;;;680e7af3-30cb-4581-b650-b04fa1eb791a;Chrysene;Emission to water;fresh water;kg;5,6169E-09
;;;;;;;fe0acd60-3ddc-11dd-a7b9-0050c2490048;Chrysene;Emission to water;ocean;kg;5,26781E-07
;;;;;;;c0f2ec91-162c-4706-b08c-9aa212fbe176;Cinidon-ethyl;Emission to soil;agricultural;kg;1,14083E-10
;;;;;;;4dcd3cc5-e962-4c94-9787-431dc6e4b289;Clean gas;Emission to air;unspecified;kg;0,240284116
;;;;;;;7120eec5-cf9a-4c69-83f2-f1a58813754c;Clomazone;Emission to soil;agricultural;kg;1,17946E-08
;;;;;;;caf066cf-40ce-47a8-ba4c-969fcd6019c7;Cobalt II;Emission to water;ocean;kg;1,00647E-05
;;;;;;;f0d1c319-249f-4a89-b0e7-3a5a90a54036;Cobalt II;Emission to water;ground water;kg;1,03228E-05
;;;;;;;74eb3f02-09ec-46ce-8ee8-d67d0900136b;Cobalt II;Emission to air;low population density, long-term;kg;3,4717E-06
;;;;;;;381a22c9-3722-4378-810d-86958f7b6d32;Cobalt II;Emission to soil;industrial;kg;2,06082E-12
;;;;;;;12051b95-831a-49c0-9a70-fbc0e8fb9af9;Cobalt II;Emission to soil;unspecified;kg;1,30568E-06
;;;;;;;33627701-feca-434d-a192-674a450eaaf7;Cobalt II;Emission to water;unspecified;kg;9,70259E-08
;;;;;;;e69510c5-d9c6-42aa-a6cb-ff6336b3eae4;Cobalt II;Emission to water;fresh water;kg;1,40359E-06
;;;;;;;ca04300a-8338-4601-ba7c-66c10a4f6322;Cobalt II;Emission to air;high population density;kg;5,65074E-06
;;;;;;;1e904267-caa3-40e6-a3a0-fc104489770b;Cobalt II;Emission to water;ground water, long-term;kg;0,006132578
;;;;;;;b10faa87-2c1d-4f6e-aa65-9f80b376939a;Cobalt II;Emission to air;low population density;kg;3,87765E-06
;;;;;;;f0e28a62-ddf9-4c93-af81-676a58c3f2d4;Cobalt II;Emission to air;unspecified;kg;3,83607E-05
;;;;;;;9542444c-7c7a-48e2-bc9c-9c7c34fb7b3e;Cobalt II;Emission to soil;agricultural;kg;1,26633E-08
;;;;;;;9639cba1-6e37-4b14-9a3b-cd98e01ec1f2;Cobalt-57;Emission to water;fresh water;kBq;7,54969E-05
;;;;;;;4a838a42-fa78-4b0a-92f9-588a3660809b;Cobalt-58;Emission to water;unspecified;kBq;8,70509E-10
;;;;;;;70d0e8c8-8c46-4eee-ad05-92f05e8f129e;Cobalt-58;Emission to air;unspecified;kBq;1,53813E-05
;;;;;;;305af6f4-1a7e-487e-8479-0e37e3ec9d9e;Cobalt-58;Emission to water;fresh water;kBq;0,02006184
;;;;;;;033fb239-a6c7-4486-9f92-f5a80b346778;Cobalt-58;Emission to air;low population density;kBq;2,30326E-07
;;;;;;;441ef9b3-0df0-461b-bd84-358973e0c2ca;Cobalt-60;Emission to air;low population density;kBq;1,83228E-06
;;;;;;;83fa5f74-baa4-46d3-a8b4-ada4379b70a3;Cobalt-60;Emission to water;ocean;kBq;0,00857155
;;;;;;;92c58ab9-8864-45ea-86b2-00698ecc9df7;Cobalt-60;Emission to water;fresh water;kBq;0,823739428
;;;;;;;ab4a11c8-14f8-40f1-8c4e-888347bb2546;Cobalt-60;Emission to air;unspecified;kBq;0,000183636
;;;;;;;8d8e393e-39c4-44e1-b424-8eeefcd33560;Cobalt-60;Emission to water;unspecified;kBq;2,16488E-05
;;;;;;;ec76fb5c-b402-416b-825c-53e074fe7525;COD, Chemical Oxygen Demand;Emission to water;ocean;kg;0,010521122
;;;;;;;a8fea8cf-9b09-49fc-aa58-5a732494a2a0;COD, Chemical Oxygen Demand;Emission to water;ground water, long-term;kg;0,11190803
;;;;;;;be10dd54-eb4d-48ae-9e14-7d79ce8b170d;COD, Chemical Oxygen Demand;Emission to water;ground water;kg;6,86849E-06
;;;;;;;b3cfad3f-b7da-490b-a491-8507a1bb7c4b;COD, Chemical Oxygen Demand;Emission to water;fresh water;kg;0,276335884
;;;;;;;fc0b5c85-3b49-42c2-a3fd-db7e57b696e3;COD, Chemical Oxygen Demand;Emission to water;surface water;kg;3,48701E-05
;;;;;;;75a4db8c-cc6c-4da5-a511-cf68acdad348;COD, Chemical Oxygen Demand;Emission to water;river;kg;0,05
;;;;;;;961ccd56-2eee-4f57-bb18-fc4362b49000;COD, Chemical Oxygen Demand;Emission to water;unspecified;kg;0,00250044
;;;;;;;5a83df2b-833b-4b65-b665-7f657f02b20d;Copper (+II);Emission to water;fresh water;kg;1,80062E-10
;;;;;;;0a5e8a67-f9ae-48b3-bfa7-e9d37c30a191;Copper ion;Emission to soil;industrial;kg;5,11498E-08
;;;;;;;916801f0-3980-4408-a577-62b222aa1543;Copper ion;Emission to water;lake;kg;7,6339E-08
;;;;;;;238cb6c4-b307-4c7c-8c31-ef5d0f56a402;Copper ion;Emission to water;ground water, long-term;kg;0,005621556
;;;;;;;2dfc14b5-0785-3155-8b1b-427810d22402;Copper ion;Emission to soil;unspecified;kg;6,12884E-05
;;;;;;;e2a4c2f8-3671-47e7-8649-f5e97a4ad32e;Copper ion;Emission to water;fresh water;kg;0,00017126
;;;;;;;7e66a41c-d311-4949-bdd8-eef09cdcfa47;Copper ion;Emission to soil;agricultural;kg;5,92194E-06
;;;;;;;615b1460-6860-4cf6-8678-ad92c03c5e8b;Copper ion;Emission to water;unspecified;kg;9,71881E-08
;;;;;;;2f100cfa-4feb-45e9-a43a-357128228889;Copper ion;Emission to water;unspecified;kg;1,29696E-06
;;;;;;;d8f9ccf6-fd32-4348-83c0-1cee724af9ae;Copper ion;Emission to water;ocean;kg;2,59366E-05
;;;;;;;e336eee7-148a-4d1c-8027-780cbfafa12b;Copper ion;Emission to air;low population density;kg;0,00013889
;;;;;;;fd153f15-1d16-410a-91fa-04d205e36c43;Copper ion;Emission to air;low population density, long-term;kg;3,66064E-05
;;;;;;;4d9a8790-3ddd-11dd-96d1-0050c2490048;Copper ion;Emission to water;ocean;kg;4,01423E-05
;;;;;;;8876917f-1875-3e54-abe5-8109839d0e5a;Copper ion;Emission to air;unspecified;kg;7,57959E-06
;;;;;;;c3b659e5-35f1-408c-8cb5-b5f9b295c76e;Copper ion;Emission to water;ground water;kg;7,40382E-06
;;;;;;;3573a5af-88f8-4f74-ade7-cd269cbc4e66;Copper ion;Emission to air;lower stratosphere + upper troposphere;kg;5,23494E-15
;;;;;;;ec8144d6-d123-43b1-9c17-a295422a0498;Copper ion;Emission to air;unspecified;kg;0,000114905
;;;;;;;88cde01c-df69-40bb-9b14-6eac71bea5b8;Copper ion;Emission to air;high population density;kg;1,61634E-05
;;;;;;;44d3e792-7c9e-48ab-9de9-acfa2e097f26;Copper ion;Emission to soil;unspecified;kg;1,83671E-06
;;;;;;;4d9a8790-3ddd-11dd-8f56-0050c2490048;Cresol;Emission to water;ocean;kg;6,59462E-10
;;;;;;;02d18acf-ec93-467e-a467-cfb4452fb55b;Cresol;Emission to water;fresh water;kg;8,61645E-10
;;;;;;;2767a0fb-a5b5-4800-b216-728aed4e21bf;Cresol, p-;Emission to air;unspecified;kg;9,98068E-12
;;;;;;;1a796dc4-5dcb-40da-a609-3a5a40655fad;Cumene;Emission to air;low population density;kg;2,76518E-10
;;;;;;;35c746fb-2d4a-4d06-9955-1973ce67b74e;Cumene;Emission to air;high population density;kg;1,21297E-05
;;;;;;;89dc9c0f-bf19-4c66-ad66-3d664009725a;Cumene;Emission to water;fresh water;kg;2,91476E-05
;;;;;;;a192f5ac-fb5d-4e14-ac11-3c38283da9d0;Cumene;Emission to air;unspecified;kg;1,43806E-07
;;;;;;;29d1b020-c34b-4252-beb1-83796ef5e187;Curium alpha;Emission to water;fresh water;kBq;0,004939894
;;;;;;;4bee7636-9d37-439a-9847-3fce996d89da;Cyanide;Emission to water;fresh water;kg;4,97785E-05
;;;;;;;9e8d685c-9948-4dc0-9c0b-d5c511e14d05;Cyanide;Emission to air;low population density;kg;2,33354E-05
;;;;;;;d3e038e1-728c-4dea-ac30-c9abbbfcbc84;Cyanide;Emission to air;unspecified;kg;1,89559E-06
;;;;;;;1febb3ea-a4ee-4b7d-a6e7-0c4b6da28188;Cyanide;Emission to water;ocean;kg;4,46968E-06
;;;;;;;921df5eb-cde6-40ea-8744-c02746db0a3c;Cyanide;Emission to air;high population density;kg;3,25026E-06
;;;;;;;c4d10bd2-09da-4082-8cb3-022c92c53221;Cyanide;Emission to water;unspecified;kg;1,73383E-06
;;;;;;;b4160ac8-a371-49d6-8a4f-6f5fed0e2a0d;Cyanide;Emission to water;lake;kg;3,35057E-10
;;;;;;;932d7913-eb64-484c-b2ec-7aae36e29017;Cyanoacetic acid;Emission to air;high population density;kg;2,30019E-10
;;;;;;;5512f026-b3a9-419a-b787-c0be0b39be1c;Cyclohexane;Emission to air;high population density;kg;5,802E-10
;;;;;;;165aaeac-93d1-4afd-adf2-e3d6c0eaf629;Cyclohexane;Emission to air;unspecified;kg;1,99831E-07
;;;;;;;22ff429e-4506-428d-9bba-4f9595ed3b99;Cyclohexane;Emission to air;low population density;kg;6,77656E-10
;;;;;;;35ec8817-55b9-4fdc-badb-8470fa7ebc8e;Cyfluthrin;Emission to soil;agricultural;kg;1,83929E-11
;;;;;;;e7f1df40-788a-4403-81ea-e5e9e84e32d7;Cypermethrin;Emission to soil;agricultural;kg;1,01656E-06
;;;;;;;c9727abf-58b7-4f90-a670-86f7101e741d;Cyproconazole;Emission to soil;agricultural;kg;1,3804E-09
;;;;;;;b45f25fe-a5bb-42ac-9859-304bf6ccfd83;Cyprodinil;Emission to soil;agricultural;kg;1,62567E-09
;;;;;;;c20aed18-4490-4a58-af72-71bdf0f70954;Decane;Emission to soil;industrial;kg;4,59948E-14
;;;;;;;08a91e70-3ddc-11dd-980b-0050c2490048;Decane;Emission to soil;forestry;kg;0,000220148
;;;;;;;a38a4244-89cf-4fad-b6bc-26699f205042;Decane;Emission to water;fresh water;kg;0,000318731
;;;;;;;08a91e70-3ddc-11dd-980c-0050c2490048;Decane;Emission to water;ocean;kg;0,000907608
;;;;;;;282973e4-3c2d-4a9c-a3f2-d39a5b36aa76;Deltamethrin;Emission to soil;agricultural;kg;2,00045E-08
;;;;;;;ba0955c6-7f71-4f48-b6dc-190dae2239e9;Deltamethrin;Emission to air;unspecified;kg;7,6428E-14
;;;;;;;a1861c61-3190-41ff-abbf-0c352f61db6b;Deltamethrin;Emission to water;fresh water;kg;4,77666E-15
;;;;;;;465e8306-30d7-4ff1-9ad5-6e866f91878d;demolition waste (unspecified);Wastes;Construction waste;kg;0,839558487
;;;;;;;08a91e70-3ddc-11dd-92b1-0050c2490048;Dibenz(a,h)anthracene;Emission to air;unspecified;kg;1,1526E-08
;;;;;;;f81426cd-fb74-4265-bffc-c97566623bf5;Dicamba;Emission to air;unspecified;kg;3,69408E-19
;;;;;;;44b7826f-6f4c-44f3-81eb-ad3426073fae;Dicamba;Emission to soil;agricultural;kg;6,30603E-10
;;;;;;;e5a181b4-6dce-465d-bcc5-2f2a5f5b4376;Dicamba;Emission to water;fresh water;kg;2,30878E-20
;;;;;;;31a3e44c-4098-461e-aba2-f79540e05087;Dichlorodifluoromethane;Emission to air;high population density;kg;4,84089E-08
;;;;;;;e93ba406-3df8-4e34-be54-0d556b2bb629;Dichlorodifluoromethane;Emission to air;low population density;kg;2,29641E-12
;;;;;;;c0e8ec60-a5ae-432e-97a5-cf76b6247a00;Dichlorodifluoromethane;Emission to air;unspecified;kg;4,97119E-06
;;;;;;;3c8af80d-7ff8-43f4-b1a7-cef73b1b4682;Dichlorofluoromethane;Emission to air;high population density;kg;2,65701E-11
;;;;;;;04a6edb8-624a-484e-8f85-d771657adae7;Dichlorofluoromethane;Emission to air;unspecified;kg;8,42736E-12
;;;;;;;2716807d-0266-48ff-bb7a-6e6c5fbfd5c5;Dichloromethane;Emission to air;high population density;kg;5,89717E-09
;;;;;;;d4b61c6c-a620-4a91-afc6-ca87ef97b55a;Dichloromethane;Emission to air;low population density;kg;1,47309E-08
;;;;;;;75c80de0-a0fa-45e2-9f7b-f6fa4e4431e1;Dichloromethane;Emission to water;unspecified;kg;7,20573E-12
;;;;;;;432a3326-73f8-4752-bc4d-06b7b4b1243c;Dichloromethane;Emission to air;unspecified;kg;4,82681E-10
;;;;;;;02dd7309-b7c2-47bb-82c8-09345be9c2bb;Dichlorprop-P;Emission to soil;agricultural;kg;4,27806E-09
;;;;;;;3b8a6f65-384b-4086-a817-b0c77555b78a;Dichromate;Emission to water;unspecified;kg;2,57572E-06
;;;;;;;89951b1a-9b6b-4bc7-82fc-6fc263e91936;Diethyl ether;Emission to air;high population density;kg;7,96638E-15
;;;;;;;7e7039a1-6186-4ef6-a7e6-d135b7fe5601;Diethylamine;Emission to air;high population density;kg;4,51263E-10
;;;;;;;34698efa-71c8-4fec-9a43-6529f45887ac;Diethylamine;Emission to air;unspecified;kg;2,98839E-12
;;;;;;;dfa27331-6c6b-45f3-84d8-d66b1e82b812;Diethylamine;Emission to water;fresh water;kg;1,08304E-09
;;;;;;;d439867e-7ef9-41aa-91e2-de8a922f9158;Diethylene glycol;Emission to air;high population density;kg;8,39521E-15
;;;;;;;5458bee1-0c04-445c-b617-a7315d6a2b9f;Difenoconazole;Emission to soil;agricultural;kg;3,30297E-11
;;;;;;;b918120c-5dd9-4a28-86ee-9b05a42bdd01;Diflubenzuron;Emission to soil;agricultural;kg;1,59651E-06
;;;;;;;016da38a-40a6-483c-b328-9782dc46e802;Diflufenican;Emission to soil;agricultural;kg;4,14982E-09
;;;;;;;cc667a3d-e88b-42f7-b265-461b7d66837f;Diflufenzopyr-sodium;Emission to soil;agricultural;kg;7,00662E-11
;;;;;;;151212b4-079b-43a2-96d5-a6eef59166ac;Difluoromethane;Emission to air;unspecified;kg;1,18582E-09
;;;;;;;b49df340-eefd-49af-9094-4a7ba44029dd;Dimethenamid;Emission to air;unspecified;kg;1,09517E-18
;;;;;;;7f063256-36d5-4558-a640-5b2cc1f85cb7;Dimethenamid;Emission to water;fresh water;kg;6,84484E-20
;;;;;;;71525276-3417-4d4b-9af8-0baa265de4a2;Dimethenamide;Emission to soil;agricultural;kg;1,83052E-09
;;;;;;;28f19625-5e6a-4902-8c18-4b519db19d86;Dimethoate;Emission to soil;agricultural;kg;9,78811E-09
;;;;;;;bf85f43a-88dc-4ff1-8b9b-479c5fc1625c;dimethyl formamide;Emission to air;unspecified;kg;5,54384E-08
;;;;;;;7ee1a767-185e-444b-913d-6acbfdbab3bd;Dimethyl malonate;Emission to air;high population density;kg;2,88445E-10
;;;;;;;56d00bcd-9da1-4486-bfe6-10dc0f1d4575;Dimethylamine;Emission to air;unspecified;kg;1,57008E-12
;;;;;;;bdc6ec0d-e587-4254-8d8f-4e0eb78f1b9b;Dimethylamine;Emission to water;fresh water;kg;3,77264E-09
;;;;;;;43398c2a-4ceb-4c7f-8ffc-37d2b78e22a3;Dimethylamine;Emission to water;unspecified;kg;7,34025E-14
;;;;;;;20185046-64bb-4c09-a8e7-e8a9e144ca98;Dinitrogen monoxide;Emission to air;unspecified;kg;0,015625094
;;;;;;;6dc1b46f-ee89-4495-95c4-b8a637bcd6cb;Dinitrogen monoxide;Emission to air;high population density;kg;0,002648875
;;;;;;;afd6d670-bbb0-4625-9730-04088a5b035e;Dinitrogen monoxide;Emission to air;low population density;kg;0,004000637
;;;;;;;473826ae-125a-4b02-8c8e-c84322491d80;Dinitrogen monoxide;Emission to air;lower stratosphere + upper troposphere;kg;9,2385E-14
;;;;;;;edfaa796-b3a8-3514-b502-21f88d030086;Dioxin, 2,3,7,8 Tetrachlorodibenzo-p-;Emission to air;indoor;kg;0
;;;;;;;bb7c7a83-0ea7-3487-a224-dbc8fd437e5b;Dioxin, 2,3,7,8 Tetrachlorodibenzo-p-;Emission to water;river;kg;6,42273E-19
;;;;;;;350be6f5-59fb-49d1-8dbf-8afe62cb18b4;Dioxins, measured as 2,3,7,8-tetrachlorodibenzo-p-dioxin;Emission to water;fresh water;kg;5,97648E-16
;;;;;;;f77c5e36-ee47-4437-b757-03139bb1d6d6;Dioxins, measured as 2,3,7,8-tetrachlorodibenzo-p-dioxin;Emission to air;low population density;kg;5,33962E-12
;;;;;;;63e7b042-8549-11e0-9d78-0800200c9a66;Dioxins, measured as 2,3,7,8-tetrachlorodibenzo-p-dioxin;Emission to water;unspecified;kg;7,44424E-16
;;;;;;;237a5f15-8119-472a-8988-88b7ecb42405;Dioxins, measured as 2,3,7,8-tetrachlorodibenzo-p-dioxin;Emission to air;high population density;kg;1,00118E-11
;;;;;;;082903e4-45d8-4078-94cb-736b15279277;Dioxins, measured as 2,3,7,8-tetrachlorodibenzo-p-dioxin;Emission to air;unspecified;kg;5,13929E-11
;;;;;;;9a1e90d7-af5d-41ab-bf7b-d4d4248d9e24;Dipropyl amine;Emission to air;high population density;kg;2,09656E-10
;;;;;;;6c5a9bc2-a8ce-4b80-a3fa-68a77098eb2b;Dipropylamine;Emission to water;fresh water;kg;5,03183E-10
;;;;;;;31913320-21f3-4cc2-b09a-a15ac9b65f5e;Dithianon;Emission to soil;agricultural;kg;9,41198E-10
;;;;;;;79607917-9e12-4292-b289-21ff2b36e04b;DOC, Dissolved Organic Carbon;Emission to water;unspecified;kg;0,000679717
;;;;;;;08ace03b-27d9-4bf1-bf4d-cbe177992052;DOC, Dissolved Organic Carbon;Emission to water;fresh water;kg;0,003190298
;;;;;;;725c7923-0ed8-43e5-b485-fad7e34bef08;DOC, Dissolved Organic Carbon;Emission to water;ground water, long-term;kg;0,034459842
;;;;;;;72f14baf-d36c-4f8e-8c17-5304a995f00a;DOC, Dissolved Organic Carbon;Emission to water;ocean;kg;0,004161667
;;;;;;;025f8b4a-de06-40b6-967b-63da82dc4828;DOC, Dissolved Organic Carbon;Emission to water;lake;kg;3,38128E-09
;;;;;;;2f00b048-45e9-402b-9450-40367d0283d0;Elemental carbon;Emission to water;ground water;kg;6,17566E-08
;;;;;;;086bf8b7-9cea-48d4-9624-c07a9ba609e8;Elemental carbon;Emission to air;high population density;kg;1,3336E-08
;;;;;;;ea701d93-42af-4647-9798-591962caeb76;Elemental carbon;Emission to soil;unspecified;kg;7,22383E-08
;;;;;;;69da88e0-7fb1-4223-bb2d-b6e86e2af891;Endosulfan;Emission to soil;agricultural;kg;3,31351E-07
;;;;;;;1afedfb8-dfbd-4722-a5fc-f678c593d907;Epoxiconazole;Emission to soil;agricultural;kg;1,22995E-09
;;;;;;;59177170-590b-4d94-833a-e23d899f422e;Esfenvalerate;Emission to soil;agricultural;kg;1,78253E-11
;;;;;;;e7e0031e-791d-42f4-b26c-ec322db637bc;Ethane;Emission to air;low population density;kg;0,006818122
;;;;;;;9ea11aea-7cb7-4b38-b936-a42c2a4bac97;Ethane;Emission to air;high population density;kg;0,000283586
;;;;;;;8e30c990-5ed4-4f94-9d0e-2f5e4ff1a1f9;Ethane;Emission to air;unspecified;kg;0,272929553
;;;;;;;0d9f1f58-e5b6-4387-a22e-ae28c4ccfc6a;Ethane, 1,1,2-trifluoro-, HFC-143;Emission to air;unspecified;kg;7,0625E-09
;;;;;;;39ae5b84-2661-4d9d-9b27-1f0926c996dc;Ethane, 1,1-dichloro-;Emission to air;unspecified;kg;7,81363E-11
;;;;;;;f1272c75-fcd8-4a07-af18-f4d71e8e13eb;Ethane, 1,1-dichloro-;Emission to water;unspecified;kg;4,78164E-12
;;;;;;;f2257f56-3ca5-41a9-b1e8-da1e18d43738;Ethane, 1,2-dibromo-;Emission to water;fresh water;kg;4,69398E-11
;;;;;;;e2c3a1e9-f431-4936-a6d5-24c7f6552885;Ethane, 1,2-dichloro-;Emission to water;fresh water;kg;3,36012E-07
;;;;;;;0d3ccb17-b3fe-4c08-b7cb-458ed3ababf1;Ethanol;Emission to air;low population density;kg;1,49721E-06
;;;;;;;379a827c-3290-4810-9689-b9e892945836;Ethanol;Emission to air;high population density;kg;4,1609E-05
;;;;;;;d3f5d0b9-0155-4800-9dbb-b0583948c8c6;Ethanol;Emission to air;unspecified;kg;0,000115279
;;;;;;;d11085f8-8dec-453b-9535-5008689cd8ff;Ethanol;Emission to water;fresh water;kg;1,1168E-06
;;;;;;;3fa03c96-b976-4f0f-8089-220968515ee1;Ethene, trichloro-;Emission to air;unspecified;kg;2,50549E-08
;;;;;;;0ba582f8-3360-441a-a93c-ea15e87f7b0c;Ethephon;Emission to soil;agricultural;kg;4,55829E-08
;;;;;;;a2f886e3-8db8-4bce-bedf-b2004b4cc558;Ethofumesate;Emission to soil;agricultural;kg;4,50681E-09
;;;;;;;41cce80a-82c1-4caa-b6ef-718ec4b83fd6;Ethyl acetate;Emission to air;high population density;kg;0,000126189
;;;;;;;56747f2f-3e6c-4a83-864c-5614a96eba6c;Ethyl acetate;Emission to water;fresh water;kg;1,05129E-09
;;;;;;;8077467e-8d30-46cc-ab55-5759286eebd3;Ethyl acetate;Emission to air;unspecified;kg;2,49738E-08
;;;;;;;3dd549fd-825c-4ceb-a5f9-2988d322dc5d;Ethyl benzene;Emission to water;unspecified;kg;1,4304E-07
;;;;;;;a5634f8a-d2f3-4e9a-8ee5-6f11234b9b1e;Ethyl benzene;Emission to water;ocean;kg;3,27189E-05
;;;;;;;e0e605c8-370b-4b5a-b6d4-2e7a5a1a6709;Ethyl benzene;Emission to air;low population density;kg;4,77622E-09
;;;;;;;7c09916a-b6b5-47f5-bdf6-30d2511beb82;Ethyl benzene;Emission to air;high population density;kg;6,10842E-06
;;;;;;;88ef28f1-cfd5-44a0-ac34-01acf2db84a0;Ethyl benzene;Emission to air;unspecified;kg;0,000727226
;;;;;;;6bd1ea0d-0fbb-46cd-a6b4-e699febbf4e8;Ethyl cellulose;Emission to air;high population density;kg;4,3292E-08
;;;;;;;25cb0874-0bc6-43b8-8660-c781de9d38f5;Ethylamine;Emission to water;fresh water;kg;1,4174E-09
;;;;;;;4569028c-d2d9-4937-bd92-44a6c72e2b1b;Ethylamine;Emission to air;high population density;kg;5,90579E-10
;;;;;;;36270548-9316-424b-9aeb-e0de134b0be1;Ethylene;Emission to air;high population density;kg;2,77357E-05
;;;;;;;b02991d4-c180-4b16-8035-ac38f4a64b87;Ethylene;Emission to air;lower stratosphere + upper troposphere;kg;4,253E-09
;;;;;;;7c555ee7-ee15-4ca1-a571-dd56c446840c;Ethylene;Emission to water;fresh water;kg;1,1728E-05
;;;;;;;87f683ed-44ae-41a6-b4bc-230622f8cfef;Ethylene;Emission to air;low population density;kg;3,48141E-05
;;;;;;;9c2a7dc9-8b1f-46ba-bc16-0d761a4f6016;Ethylene;Emission to air;unspecified;kg;8,88856E-06
;;;;;;;f3a3227c-39f4-4383-8007-8b3b0c33467a;Ethylene;Emission to water;unspecified;kg;2,71555E-07
;;;;;;;90f722bf-cb9b-571a-88fc-34286632bdc4;Ethylene;Emission to air;unspecified;kg;3,88066E-05
;;;;;;;0650f48f-c6c9-44ae-ac49-c3bae05220c3;Ethylene diamine;Emission to water;unspecified;kg;4,17146E-14
;;;;;;;113d565b-aa39-4b56-9202-b8afc2e43204;Ethylene diamine;Emission to water;fresh water;kg;1,0825E-08
;;;;;;;c6d0e9b0-aadb-407b-9f39-8fbab93ffa55;Ethylene diamine;Emission to air;high population density;kg;1,34076E-05
;;;;;;;397c6564-d1c4-41f5-a4ff-4832874f397f;Ethylene diamine;Emission to air;unspecified;kg;2,23391E-14
;;;;;;;03758df7-503a-400e-bc7b-ec05825761a5;Ethylene dichloride;Emission to air;unspecified;kg;1,91294E-06
;;;;;;;deb80fa5-4d0a-427e-9526-443f88d17b53;Ethylene dichloride;Emission to water;unspecified;kg;2,8454E-09
;;;;;;;468bebea-17ee-49d3-b11d-c603d91c67c8;Ethylene dichloride;Emission to air;high population density;kg;1,12365E-06
;;;;;;;89324b2f-1e73-4eb1-9716-96b9be0349ac;Ethylene dichloride;Emission to air;low population density;kg;2,02863E-09
;;;;;;;4446c2d0-1bc1-422f-9b97-0867d5602dbb;Ethylene oxide;Emission to air;high population density;kg;1,45773E-07
;;;;;;;0bb66845-6ccf-4648-b565-2e704989d7c0;Ethylene oxide;Emission to air;lower stratosphere + upper troposphere;kg;5,62612E-13
;;;;;;;8e037b16-1a38-4220-996e-9f11e89ff194;Ethylene oxide;Emission to water;unspecified;kg;1,40278E-10
;;;;;;;43a411aa-8f29-4744-bc56-1deaa8105338;Ethylene oxide;Emission to air;low population density;kg;9,2577E-14
;;;;;;;4407dc37-09ec-4d52-b65a-9c3f0a88306d;Ethylene oxide;Emission to air;unspecified;kg;1,85255E-07
;;;;;;;c14d4a87-bfe2-4451-93cc-95e1ad3456c2;Ethylene oxide;Emission to water;fresh water;kg;1,02163E-07
;;;;;;;27b0b1f4-8cd4-4277-bfdd-1cab2f9c5e1c;Fenbuconazole;Emission to soil;agricultural;kg;2,45986E-10
;;;;;;;d317b7de-adc0-478c-8c7f-9d6d0f476e97;Fenpiclonil;Emission to soil;agricultural;kg;2,87879E-08
;;;;;;;823b5396-5fc6-427e-8a03-aeeff965e986;Fenpropidin;Emission to soil;agricultural;kg;3,91452E-09
;;;;;;;c8896e68-6c78-43be-a31b-bc5d2307f40a;Fenpropimorph;Emission to soil;agricultural;kg;9,95583E-09
;;;;;;;b7cd268b-1b52-45f1-91fe-cd51bf59d21d;Fipronil;Emission to soil;agricultural;kg;1,05103E-10
;;;;;;;43c4c6d3-a138-4ca5-bef9-e50fa133a333;Fipronil;Emission to air;unspecified;kg;3,75929E-20
;;;;;;;a0b899a2-77b3-4a06-be76-4dabb4b9512a;Fipronil;Emission to water;fresh water;kg;2,3496E-21
;;;;;;;82f5987e-39bf-4055-8f4e-ea3a1882306f;Fluazifop-P-butyl;Emission to soil;agricultural;kg;1,20451E-07
;;;;;;;e401b1cf-f424-4837-a5f0-410514498b58;Flumetsulam;Emission to soil;agricultural;kg;1,2262E-10
;;;;;;;fe0acd60-3ddc-11dd-a5e3-0050c2490048;Fluoranthene;Emission to water;ocean;kg;2,3617E-07
;;;;;;;25caf528-ad96-4bed-b053-b232cf93afcd;Fluoranthene;Emission to air;unspecified;kg;1,34183E-07
;;;;;;;05595ddf-01ce-49dc-8854-eeb419b7d4c3;Fluoranthene;Emission to water;fresh water;kg;3,94387E-08
;;;;;;;05aade40-92a0-4c18-a061-588445d5af43;Fluorene;Emission to air;unspecified;kg;4,25775E-07
;;;;;;;7b0b1072-209c-4d6f-ac6e-07b921be3919;Fluoride;Emission to water;lake;kg;2,51293E-07
;;;;;;;638e1d01-db69-39c9-b486-57cfdc5b4f83;Fluoride;Emission to air;high population density;kg;1,83736E-09
;;;;;;;de875382-6ef2-454c-b828-2c3a5080d39c;Fluoride;Emission to soil;unspecified;kg;0,000153377
;;;;;;;a768b3a4-dce7-48f2-bb44-89c8a4ba00d1;Fluoride;Emission to soil;industrial;kg;6,04407E-05
;;;;;;;96b0e9d0-5bfc-4113-ac30-c9b8a310b534;Fluoride;Emission to water;unspecified;kg;5,30748E-05
;;;;;;;a1faf981-6b10-45c6-87c0-86bff464c0d6;Fluoride;Emission to water;fresh water;kg;0,135029199
;;;;;;;63e7d747-8549-11e0-9d78-0800200c9a66;Fluoride;Emission to air;unspecified;kg;0,005560568
;;;;;;;c796eed5-8e5d-43bb-8dd9-feaae3e90511;Fluoride;Emission to water;ocean;kg;3,47179E-05
;;;;;;;7ae3e6e8-75e6-4566-b18f-6d848086c4e5;Fluoride;Emission to water;ground water, long-term;kg;0,029843918
;;;;;;;b84e31d0-cf7b-4c3f-bc8a-3cc93bdb30d9;Fluoride;Emission to water;ground water;kg;0,000379764
;;;;;;;dd03814e-c0f1-4953-b685-760c7e85272a;Fluorine;Emission to water;fresh water;kg;2,01796E-06
;;;;;;;aa567547-9821-456a-8412-e726735eeb29;Fluorine;Emission to air;high population density;kg;9,54257E-06
;;;;;;;b8d738ce-98cd-4487-88f9-686209bd1376;Fluorine;Emission to air;low population density;kg;4,82492E-06
;;;;;;;d976062e-565d-4d61-933e-545c9d020f0a;Fluorine;Emission to air;low population density, long-term;kg;0,00026333
;;;;;;;1c389e81-9f9d-4e52-a6e9-11cc6b73d90d;Fluorine;Emission to air;unspecified;kg;3,98853E-08
;;;;;;;521f6650-daec-4724-b40b-bf7fea17ceb2;Fluosilicic acid;Emission to air;high population density;kg;3,6823E-06
;;;;;;;cbcf386d-63a5-4234-b77b-e2bd84403b36;Fluosilicic acid;Emission to water;fresh water;kg;6,62814E-06
;;;;;;;d1812c3b-7f5e-4ce3-80b2-e599642168cf;Fluquinconazole;Emission to soil;agricultural;kg;2,13903E-10
;;;;;;;20834550-2d87-47d0-9d3c-fd65c108c72b;Fluroxypyr;Emission to soil;agricultural;kg;2,82355E-10
;;;;;;;48e16ea8-128c-4d96-a4f4-668f12249434;Flurtamone;Emission to soil;agricultural;kg;2,49553E-09
;;;;;;;c4cb99f9-ed0e-4543-8596-da56a8de8e40;Flusilazole;Emission to soil;agricultural;kg;8,59023E-10
;;;;;;;b11d2f9f-1fee-49ca-aef6-de238b8f98c9;Foramsulfuron;Emission to soil;agricultural;kg;1,31376E-11
;;;;;;;a861cfae-a310-4e9d-b9eb-5d555c9a684c;Formaldehyde;Emission to air;unspecified;kg;0,001502385
;;;;;;;9167dca7-615e-435c-8ba6-dbbf50e50e34;Formaldehyde;Emission to air;low population density;kg;0,000327746
;;;;;;;22b0b296-d066-4159-a44b-69fdb17dc802;Formaldehyde;Emission to air;lower stratosphere + upper troposphere;kg;3,66683E-09
;;;;;;;440262bc-edd4-474d-931c-fa8712202bf2;Formaldehyde;Emission to water;fresh water;kg;8,72094E-07
;;;;;;;66729b69-c76f-43b2-bd9a-4a03c4983afd;Formaldehyde;Emission to water;unspecified;kg;2,3063E-06
;;;;;;;20664d0e-24e3-4daa-8c5c-2ade6e0c2723;Formaldehyde;Emission to air;high population density;kg;0,003650133
;;;;;;;2becddd1-aa5a-4c35-be0e-aefb9bd469f8;Formamide;Emission to air;high population density;kg;3,26722E-10
;;;;;;;ad09c031-7fd4-4f8a-ad15-3a4727cd44c5;Formamide;Emission to water;fresh water;kg;7,84146E-10
;;;;;;;e05d2993-7fa1-4108-801f-625a19d52b3c;Formate;Emission to water;fresh water;kg;1,0386E-07
;;;;;;;2cbe35d9-052c-4fe8-8eb2-08769f10b2c7;Formic acid;Emission to air;high population density;kg;2,0509E-08
;;;;;;;e7f7fd97-a1c8-4be9-8a21-68ef06437d20;Formic acid;Emission to air;low population density;kg;6,21998E-06
;;;;;;;4991c714-c124-4148-aebd-b32cdc2eaa18;Formic acid;Emission to water;fresh water;kg;2,27631E-10
;;;;;;;27804c78-5eee-47f9-9a91-1f6126ccfe45;Formic acid;Emission to air;unspecified;kg;9,56758E-10
;;;;;;;2b6c2cee-deb2-49f1-a552-a666a41fc14e;Fungicides, unspecified;Emission to soil;agricultural;kg;2,15134E-10
;;;;;;;284d6491-de2c-4124-95db-7732cbb5136c;Furan;Emission to air;unspecified;kg;2,71674E-10
;;;;;;;142ce3b0-4bd6-47a3-9991-7c657c947ffe;Furan;Emission to air;low population density;kg;1,76613E-06
;;;;;;;b7a0a14a-b0b2-4aeb-923f-5c2ec1251dd5;Glufosinate;Emission to soil;agricultural;kg;4,33528E-10
;;;;;;;2f1d0962-be5d-4e6d-9c9b-0846722d9c65;Glutaraldehyde;Emission to water;ocean;kg;5,12384E-07
;;;;;;;c0246545-bda6-4d9e-ba74-307f3c1d2157;Glyphosate;Emission to air;unspecified;kg;9,03785E-19
;;;;;;;b4f9a201-2a20-4f41-a572-eabc98c75e1b;Glyphosate;Emission to soil;industrial;kg;5,52699E-06
;;;;;;;15480380-fe67-4936-bac4-6d18f973b7e3;Glyphosate;Emission to water;fresh water;kg;5,64863E-20
;;;;;;;3850d44e-8919-47bc-9c0a-51ccc4ec9d9f;Glyphosate;Emission to soil;agricultural;kg;2,29085E-06
;;;;;;;f2d84834-d0b3-42e5-b41a-f04cc80337a4;Heat, waste;Emission to air;unspecified;MJ;3512,283233
;;;;;;;a649f89b-2e2a-48e9-9677-b85b4cbcc30c;Heat, waste;Emission to water;ocean;MJ;1,485922258
;;;;;;;07f704a2-2746-4364-bcfd-606cefc30715;Heat, waste;Emission to air;low population density;MJ;5111,296784
;;;;;;;dca43ede-b779-47a7-b2e7-cb4e7b12c3da;Heat, waste;Emission to water;ground water, long-term;MJ;1,029749187
;;;;;;;dab33577-e9d4-4f6d-b141-a456521d4c1b;Heat, waste;Emission to soil;industrial;MJ;0,031542989
;;;;;;;dfbe093a-f470-4ae7-a207-50444f1f23f1;Heat, waste;Emission to soil;unspecified;MJ;51,19808362
;;;;;;;9b83f2bb-7d61-4e55-b37a-443f164c5f30;Heat, waste;Emission to water;unspecified;MJ;1,161636287
;;;;;;;c377b25d-c52c-4b0f-aa2a-8c51ff1dab31;Heat, waste;Emission to air;low population density, long-term;MJ;5,23176E-12
;;;;;;;5dc5d0e8-b46b-446f-ba69-4a7ee3d79413;Heat, waste;Emission to water;fresh water;MJ;608,6598805
;;;;;;;ef7b0b7e-16e2-4e14-af28-94d9dd3c675d;Heat, waste;Emission to air;lower stratosphere + upper troposphere;MJ;3,64316E-06
;;;;;;;a0db2cd9-48ae-4f4b-a3ef-98c94038f9e1;Heat, waste;Emission to water;river;MJ;800
;;;;;;;b411ec8b-c60a-4235-a3b2-8bf8443cbc55;Heat, waste;Emission to air;high population density;MJ;1139,457932
;;;;;;;76c79f4e-3cda-428e-b8f0-0ba8bbf272b6;Helium;Emission to air;low population density;kg;1,50313E-08
;;;;;;;f2e74872-f56d-4e49-8dfd-1428c6fbd59c;Helium;Emission to air;unspecified;kg;0,000297112
;;;;;;;1ec6c4b4-ee5f-4788-8683-c95a84d6d63c;Heptane;Emission to air;unspecified;kg;0,000110908
;;;;;;;f4bb66f1-c78c-409f-8368-85c1205a3573;Heptane;Emission to air;high population density;kg;4,6945E-05
;;;;;;;025fcb20-0591-4bae-80fc-7c34e9af2e7b;Heptane;Emission to air;low population density;kg;3,55532E-07
;;;;;;;86bd068b-06b4-4a9e-8b9f-86f6691a094d;hexachloro-1,3-butadiene;Emission to water;unspecified;kg;5,8122E-12
;;;;;;;edc1501b-649b-4e60-9c00-c02e3aeb9d3a;hexachloro-1,3-butadiene;Emission to water;river;kg;2,3778E-14
;;;;;;;1af44724-172c-462b-b277-bb4b2fd32c33;Hexachlorobenzene;Emission to air;high population density;kg;4,1682E-09
;;;;;;;a028cff8-e405-4d44-8322-f46e9e51bcdc;Hexachlorobenzene;Emission to air;low population density;kg;6,68625E-09
;;;;;;;04f42988-6207-4d09-a91f-155be8d27eb0;Hexachlorobenzene;Emission to air;unspecified;kg;8,35374E-09
;;;;;;;df5dd437-2e12-4af6-8f7a-9c8224857dc5;Hexafluoroethane;Emission to air;high population density;kg;4,03399E-07
;;;;;;;acc39720-dda7-4b3a-80c7-c6394cad4191;Hexafluoroethane;Emission to air;unspecified;kg;5,25835E-07
;;;;;;;08a91e70-3ddc-11dd-9473-0050c2490048;Hexamethylene diamine;Emission to air;unspecified;kg;1,66625E-10
;;;;;;;41067ac7-bf36-47ef-a19f-683d9b758a28;Hexane;Emission to air;low population density;kg;0,000317851
;;;;;;;6b248529-b754-4be7-8b1a-91b9756fc2bc;Hexane;Emission to air;unspecified;kg;0,000219853
;;;;;;;3bbc78d0-08c4-48ef-a863-704e32fddcb3;Hexane;Emission to air;high population density;kg;0,000305677
;;;;;;;8f62b772-7c20-4b8f-9bf8-5c02509a45a2;Hexane;Emission to water;ocean;kg;7,19982E-11
;;;;;;;d02e018f-d996-4cd8-9306-ddedb781efde;Hexane;Emission to water;fresh water;kg;1,00016E-10
;;;;;;;60e61acf-038a-45b5-b71e-5c17b874e104;HFC-245fa;Emission to air;unspecified;kg;1,405E-07
;;;;;;;5f4baaf6-055e-491e-9852-258897ab5194;Hydrocarbons, aliphatic, alkanes, cyclic;Emission to air;low population density;kg;2,94114E-08
;;;;;;;18282ab8-5b46-4c56-9038-588ed28a4a95;Hydrocarbons, aliphatic, alkanes, cyclic;Emission to air;high population density;kg;8,48677E-07
;;;;;;;5c9ec415-12f1-4390-bcff-3ff0fcd7ba73;Hydrocarbons, aliphatic, alkanes, cyclic;Emission to air;unspecified;kg;8,42737E-07
;;;;;;;faf05b06-da29-4af5-aa37-cfa4b802a297;Hydrocarbons, aliphatic, alkanes, unspecified;Emission to water;ocean;kg;7,42209E-05
;;;;;;;bfa26b15-5340-441e-acb4-0bb19a4028d3;Hydrocarbons, aliphatic, alkanes, unspecified;Emission to air;high population density;kg;0,000492518
;;;;;;;17a98e7f-a8fd-431d-9bb6-6c4bf3fc5517;Hydrocarbons, aliphatic, alkanes, unspecified;Emission to air;low population density;kg;0,000226404
;;;;;;;acd68ded-df6f-4a5f-b95d-bbbf2567c735;Hydrocarbons, aliphatic, alkanes, unspecified;Emission to water;unspecified;kg;3,56135E-05
;;;;;;;2451f9df-0596-49ec-8380-08e4ad75a153;Hydrocarbons, aliphatic, alkanes, unspecified;Emission to air;unspecified;kg;3,94651E-06
;;;;;;;ef7bc7b8-f85b-4687-9cb1-eb60384650fa;Hydrocarbons, aliphatic, unsaturated;Emission to water;unspecified;kg;3,28814E-06
;;;;;;;4cff006f-c6df-42a8-9dee-cc064f14326e;Hydrocarbons, aliphatic, unsaturated;Emission to air;unspecified;kg;1,48021E-08
;;;;;;;34837fe3-4332-493c-86bb-95a207d9c234;Hydrocarbons, aliphatic, unsaturated;Emission to air;high population density;kg;0,000721714
;;;;;;;2d50f4c8-a917-4496-a7d9-470b080faf68;Hydrocarbons, aliphatic, unsaturated;Emission to air;low population density;kg;0,000216989
;;;;;;;b066708e-5bab-45ee-9244-e1be2fa5b5f3;Hydrocarbons, aliphatic, unsaturated;Emission to water;ocean;kg;6,85116E-06
;;;;;;;0330e73b-c9ba-4440-b153-284c6a9210d0;Hydrocarbons, aromatic;Emission to water;fresh water;kg;0,000144037
;;;;;;;3cca7f02-58b0-4b49-9938-e0f8bea03064;Hydrocarbons, aromatic;Emission to air;unspecified;kg;1,22177E-05
;;;;;;;8b5d5c1d-c786-4367-94f0-fae42cd3ac0a;Hydrocarbons, aromatic;Emission to air;high population density;kg;8,93005E-06
;;;;;;;04abe114-7939-4935-9281-49e5d89cc1bc;Hydrocarbons, aromatic;Emission to water;unspecified;kg;5,09425E-14
;;;;;;;c67be924-e68d-4bc1-9dd9-25f33a6cad34;Hydrocarbons, aromatic;Emission to air;low population density;kg;6,71585E-08
;;;;;;;67799e83-54c8-4c89-90dc-1a7fa7780d2b;Hydrocarbons, aromatic;Emission to water;ocean;kg;0,00030284
;;;;;;;d14eb0da-95fd-46c3-90db-55ca33d78701;Hydrocarbons, chlorinated;Emission to air;unspecified;kg;4,08782E-07
;;;;;;;d6626dfb-3ac8-4169-9e75-54c41ef2a582;Hydrocarbons, chlorinated;Emission to air;low population density;kg;6,79673E-05
;;;;;;;626dd1d8-5355-40cb-8569-9c87c2c6ab18;Hydrocarbons, chlorinated;Emission to air;high population density;kg;1,9479E-05
;;;;;;;b30b71c1-459c-4f65-b0aa-7d8b391a8ed4;Hydrocarbons, unspecified;Emission to water;fresh water;kg;0,000142473
;;;;;;;63e7d74d-8549-11e0-9d78-0800200c9a66;Hydrocarbons, unspecified;Emission to air;unspecified;kg;3,20911E-08
;;;;;;;e620a933-c348-4e7e-8893-ab0a0f681c7e;Hydrocarbons, unspecified;Emission to water;unspecified;kg;4,48687E-06
;;;;;;;df82c564-20c9-37c7-8875-de860156439a;Hydrocarbons, unspecified;Emission to water;lake;kg;1,33261E-06
;;;;;;;049a1473-3a62-4121-982b-5d15d0f2c683;Hydrocarbons, unspecified;Emission to water;ocean;kg;7,8498E-05
;;;;;;;68e32537-beae-41c2-be72-74df4d273c11;Hydrochloric acid;Emission to air;low population density;kg;0,004316012
;;;;;;;50f3bc1e-fafc-44a2-9800-4468d8c3b643;Hydrochloric acid;Emission to air;lower stratosphere + upper troposphere;kg;2,64834E-15
;;;;;;;afcbd980-14c2-4e1d-a0aa-5f6464e5c76b;Hydrochloric acid;Emission to air;high population density;kg;0,007735961
;;;;;;;9f2d488e-c37a-4507-86c3-0b35f628ca30;Hydrochloric acid;Emission to water;fresh water;kg;3,18333E-05
;;;;;;;0125d40c-b7e8-4f98-a5ac-09115efeb568;Hydrocyanic acid;Emission to air;unspecified;kg;3,38699E-07
;;;;;;;fba667e1-6609-4d25-84b2-ac5d6ccc1f72;Hydrocyanic acid;Emission to water;fresh water;kg;2,12136E-14
;;;;;;;b301fa9a-ba60-4eac-8ccc-6ccbdf099b35;Hydrogen;Emission to air;unspecified;kg;0,257607437
;;;;;;;8e906def-6bd5-4248-ac2b-94e6eedde3c9;Hydrogen;Emission to air;high population density;kg;0,000526872
;;;;;;;fe0acd60-3ddc-11dd-aaaa-0050c2490048;Hydrogen bromide;Emission to air;unspecified;kg;5,72824E-07
;;;;;;;c941d6d0-a56c-4e6c-95de-ac685635218d;Hydrogen chloride;Emission to air;unspecified;kg;0,024516362
;;;;;;;cba1e93e-9729-3fdc-9ad9-9275da061a8c;Hydrogen cyanide;Emission to water;river;kg;3,21002E-19
;;;;;;;24541c8c-9f11-49ae-9de5-456f238a3f5e;Hydrogen fluoride;Emission to air;unspecified;kg;0,002124476
;;;;;;;2ae53816-d258-4a14-83a6-ca8454eb361e;Hydrogen fluoride;Emission to water;fresh water;kg;1,26726E-05
;;;;;;;257eacb9-96fe-4a3d-961a-f5e6c7823ff0;Hydrogen fluoride;Emission to air;high population density;kg;0,001257781
;;;;;;;8b7dc667-f04e-492c-a161-80b1482126b0;Hydrogen fluoride;Emission to air;low population density;kg;0,001302963
;;;;;;;fe0acd60-3ddc-11dd-a95a-0050c2490048;Hydrogen iodide;Emission to air;unspecified;kg;6,21696E-10
;;;;;;;fdefdf7a-897d-4213-ba2c-4e04d560fb00;Hydrogen peroxide;Emission to water;fresh water;kg;1,40995E-05
;;;;;;;8d179ea0-7b52-441e-954b-b5349d66340f;Hydrogen peroxide;Emission to air;high population density;kg;4,61142E-08
;;;;;;;554be2fb-9bb9-46c6-a4df-46df0d53cb65;Hydrogen sulfide;Emission to water;ground water, long-term;kg;0,000749469
;;;;;;;42d33bc4-cdea-4b1d-896c-090e792183be;Hydrogen sulfide;Emission to water;unspecified;kg;1,67368E-09
;;;;;;;ed9c7879-2c8f-47ab-943d-c4363cf08b5b;Hydrogen sulfide;Emission to water;fresh water;kg;1,86456E-05
;;;;;;;e3cfaa07-9b68-4461-a06f-a0e4e59d41d3;Hydrogen sulfide;Emission to air;high population density;kg;8,97619E-07
;;;;;;;0b0ea9d1-9c54-4e23-bcfc-1b8fc2cf0358;Hydrogen sulfide;Emission to air;low population density;kg;0,000616615
;;;;;;;20d4d821-f4f7-4017-8810-f822fcdf619e;Hydrogen sulfide;Emission to air;unspecified;kg;0,014754037
;;;;;;;1d75a540-c7f2-4cae-8b02-0f0d41c0cef7;Hydrogen-3, Tritium;Emission to water;fresh water;kBq;5833,120976
;;;;;;;550b099c-dfeb-4fe3-bcdc-f11b97ff8876;Hydroxide;Emission to water;fresh water;kg;3,27253E-05
;;;;;;;d4f02ee2-ecb5-4572-91c8-c20cd2abb2c3;Hypochlorite;Emission to water;ocean;kg;0,170156624
;;;;;;;26966946-81f2-4023-ab6d-f072a6d0a873;Hypochlorite;Emission to water;fresh water;kg;3,25741E-05
;;;;;;;a72e7983-329f-4fb7-9b05-77efe97717e4;Imazapyr;Emission to soil;agricultural;kg;1,75169E-12
;;;;;;;3bf44c34-e91e-449a-878c-9a6e8220cb63;Imazethapyr;Emission to soil;agricultural;kg;6,13098E-12
;;;;;;;6b6cefe7-2af4-4a03-a08a-cbc8bbbcb33b;Indeno(1,2,3-cd)pyrene;Emission to air;unspecified;kg;1,37624E-08
;;;;;;;4b09c2cb-937f-43a5-a3f8-b20ff8f047d3;Iodide;Emission to water;ocean;kg;0,000665031
;;;;;;;2ef56ffc-fa69-4b57-a936-3d588923ea8b;Iodide;Emission to water;ground water;kg;1,07514E-05
;;;;;;;795b9f74-ca43-4acc-8d29-79165973500a;Iodide;Emission to water;fresh water;kg;0,000324943
;;;;;;;b5fae91e-cff0-4513-a997-cdb6922f1ab4;Iodide;Emission to water;ground water, long-term;kg;4,89673E-07
;;;;;;;1471acca-34ab-4e04-9bd6-e3825b20580f;Iodine;Emission to air;low population density;kg;4,48439E-05
;;;;;;;446d8fe4-fde6-4640-bc23-f04a663bbc04;Iodine;Emission to air;unspecified;kg;6,99159E-09
;;;;;;;f9923ae7-bdab-44d8-897c-44310aea76b7;Iodine;Emission to air;high population density;kg;6,50987E-05
;;;;;;;acea51a5-41e4-42ab-9912-f46287df3f50;Iodine-129;Emission to water;fresh water;kBq;0,539077189
;;;;;;;777160e1-99a9-4a03-b189-8c1af57ee560;Iodine-129;Emission to water;unspecified;kBq;1,99028E-05
;;;;;;;4649902d-edc5-4d34-ae55-59993fe732d9;Iodine-129;Emission to air;low population density;kBq;0,006056657
;;;;;;;106689fa-52d8-4f7d-aa5b-920122aaf1aa;Iodine-129;Emission to air;unspecified;kBq;0,008083944
;;;;;;;618c3a74-5b36-4d8a-b94f-26b8270448f8;Iodine-131;Emission to water;unspecified;kBq;8,11066E-09
;;;;;;;03e91172-fca0-47f3-9014-22ae3136251b;Iodine-131;Emission to air;low population density;kBq;0,450514654
;;;;;;;897ec6a5-af78-453f-abdf-32233d0a30bf;Iodine-131;Emission to water;ocean;kBq;0,078278913
;;;;;;;c317b216-2668-40f8-9e24-1ce183d53697;Iodine-131;Emission to air;unspecified;kBq;0,014414665
;;;;;;;3ac3442a-ca4d-4b4b-a486-3584bb29f9e0;Iodine-131;Emission to water;fresh water;kBq;0,000405692
;;;;;;;eadea134-34d3-4581-9b0b-a59533dfd526;Iodine-133;Emission to air;low population density;kBq;4,20009E-05
;;;;;;;dab14b58-e435-4a70-a186-55d64ed3b6b4;Iodine-133;Emission to water;fresh water;kBq;1,49835E-05
;;;;;;;46c4bd1f-30da-448c-897e-6aca882d78a4;Iodine-135;Emission to air;low population density;kBq;5,77321E-05
;;;;;;;df1cc3ea-7a3c-40ca-8349-42b89ff59063;Iodosulfuron;Emission to soil;agricultural;kg;1,42604E-11
;;;;;;;6744b13d-2908-4725-88a3-1afd6696c899;Ioxynil;Emission to soil;agricultural;kg;5,08358E-09
;;;;;;;6c204f18-769f-4195-ab7a-c57138034aec;Iron;Emission to water;ground water;kg;0,18651559
;;;;;;;de444dc0-5964-4501-8367-50ba53bfc6b9;Iron ion;Emission to water;unspecified;kg;1,52541E-05
;;;;;;;32cd0492-c0cb-4898-a2b1-675eedc5b688;Iron ion;Emission to air;high population density;kg;4,04888E-05
;;;;;;;76152de4-9499-48f7-af98-a5d41842484a;Iron ion;Emission to air;low population density;kg;3,04062E-06
;;;;;;;8dba66e2-0f2e-4038-84ef-1e40b4f573a6;Iron ion;Emission to air;unspecified;kg;0,000135178
;;;;;;;e8bd2edd-f937-49f6-9e8b-9f445278775e;Iron ion;Emission to air;low population density, long-term;kg;0,004699789
;;;;;;;6c445f1d-db0f-431c-a2f0-d25aa28bdfd1;Iron ion;Emission to water;fresh water;kg;0,115288725
;;;;;;;9b6d6f07-ebc6-447d-a3c0-f2017d77d852;Iron ion;Emission to water;ground water, long-term;kg;0,686514839
;;;;;;;ce567bdc-76ec-4ca0-be79-8bb796e448b3;Iron ion;Emission to soil;unspecified;kg;0,000585617
;;;;;;;3640ef93-b2d0-32ad-8f4a-cfc6f4ab3d84;Iron ion;Emission to water;lake;kg;8,12133E-05
;;;;;;;63e7d74e-8549-11e0-9d78-0800200c9a66;Iron ion;Emission to water;unspecified;kg;0,000168009
;;;;;;;98693cdf-d9fc-43ed-bfe6-78dfe5742d33;Iron ion;Emission to soil;industrial;kg;0,002418677
;;;;;;;08a91e70-3ddc-11dd-9599-0050c2490048;Iron ion;Emission to water;ocean;kg;0,000260037
;;;;;;;db364689-e1a3-4629-8835-e6c59d6daf09;Iron ion;Emission to soil;agricultural;kg;0,000415144
;;;;;;;b09f5508-e2a9-4cf4-8499-afffd4d1d206;Iron-59;Emission to water;fresh water;kBq;5,01367E-06
;;;;;;;83db4ab2-cdb5-4e0e-828b-42fe208b0f13;isobutane;Emission to air;unspecified;kg;5,4248E-07
;;;;;;;47bee45d-6d2b-48a6-a0c8-fcb8debc7f5d;Isobutanol;Emission to air;unspecified;kg;5,28681E-15
;;;;;;;88be8e1b-1bdc-46e1-9856-187a95b3d872;Isobutanol;Emission to air;low population density, long-term;kg;3,74238E-16
;;;;;;;e2d860e3-1038-4386-a5f1-25ad75d18bbd;Isobutanol;Emission to air;high population density;kg;4,82529E-10
;;;;;;;6a8bd6ee-9a3e-447b-9ecb-26a7e606a6fa;isobutene;Emission to air;unspecified;kg;1,59357E-07
;;;;;;;b465eb7f-dfe9-4057-ad17-c451d58fd753;Isocyanic acid;Emission to air;high population density;kg;3,67336E-06
;;;;;;;bf633941-aa40-4c37-b361-b5cbfb1089f5;Isoprene;Emission to air;low population density;kg;8,19567E-08
;;;;;;;0c209634-80bb-4909-8442-3189b7cb01d7;Isoprene;Emission to air;unspecified;kg;1,26234E-11
;;;;;;;cbf58f64-9286-406f-8dcb-ef1d81eec980;Isopropanol;Emission to air;high population density;kg;7,49273E-05
;;;;;;;479edec6-763c-49fc-83f8-49780f08cf29;Isopropanol;Emission to air;unspecified;kg;6,58403E-08
;;;;;;;5c68cf3b-a49d-40e8-bee1-359182e054a7;Isopropylamine;Emission to water;fresh water;kg;5,78658E-10
;;;;;;;f72fe27e-d3bf-45f7-8950-542c72cb4502;Isopropylamine;Emission to air;high population density;kg;2,41105E-10
;;;;;;;04f9be83-433e-4564-af72-98e463e5b616;Isoproturon;Emission to soil;agricultural;kg;4,97285E-08
;;;;;;;90f7c1f9-e57e-4806-a154-5be9a6e1ac2e;Isoxaflutole;Emission to soil;agricultural;kg;2,10202E-10
;;;;;;;0d1997d4-1921-3db7-98c6-6395c50c87cb;Kerosene;Emission to air;high population density;kg;4,3892E-08
;;;;;;;e7c5db65-775c-4ada-8a63-32c67792bd52;Kresoxim-methyl;Emission to soil;agricultural;kg;1,46171E-09
;;;;;;;8653eab9-c010-4d0b-ae9f-71694cb5291f;Krypton-85;Emission to air;unspecified;kBq;138959,0195
;;;;;;;28be1d65-6b09-4ebd-8599-4366c3c2abab;Krypton-85;Emission to air;low population density;kBq;5,718772935
;;;;;;;8aa45af3-ff38-4330-9870-81fd360db53b;Krypton-85m;Emission to air;low population density;kBq;0,219823649
;;;;;;;c5cd9e97-8986-4cb5-b3a5-adac2cc40d1a;Krypton-87;Emission to air;low population density;kBq;0,073710083
;;;;;;;56ce80e5-9a77-4a80-ad65-6208db560be5;Krypton-88;Emission to air;low population density;kBq;0,079689551
;;;;;;;24594cef-c50b-4e02-a5e3-c40cb06fea18;Krypton-89;Emission to air;low population density;kBq;0,018958949
;;;;;;;7ad7644f-8796-438e-a15b-86345622886b;Lactic acid;Emission to air;high population density;kg;1,64235E-10
;;;;;;;e4343ebf-a8a4-480b-adcf-fc9cc88324a8;Lactic acid;Emission to water;fresh water;kg;3,94165E-10
;;;;;;;f1b48f46-77aa-4dba-bd83-87e220816f42;Lambda-cyhalothrin;Emission to soil;agricultural;kg;1,42728E-08
;;;;;;;499a8093-c349-4bf5-9a18-15d01989bb53;Lanthanides;Emission to air;unspecified;kg;5,65664E-14
;;;;;;;3ea62da6-8b25-4c50-9d24-1d22cddc02c5;Lanthanum-140;Emission to water;fresh water;kBq;2,48042E-05
;;;;;;;201afd00-a74f-4ede-bbf7-770e39ed6471;Lanthanum-140;Emission to air;low population density;kBq;7,20378E-07
;;;;;;;b03fcc8f-b010-459d-b021-e832cff01700;Lanthanum-140;Emission to air;unspecified;kBq;4,40228E-10
;;;;;;;fe0acd60-3ddc-11dd-9f5a-0050c2490048;Lead dioxide;Emission to air;unspecified;kg;9,54435E-11
;;;;;;;4010918f-7fd0-4925-8fbb-8fd7a44a806c;Lead II;Emission to soil;agricultural;kg;7,63466E-06
;;;;;;;c864aa15-0abc-41ad-9889-348106e485d8;Lead II;Emission to water;ground water;kg;4,21908E-07
;;;;;;;9ee7f4ab-b826-47ae-8623-e138f944b42e;Lead II;Emission to air;low population density, long-term;kg;3,87319E-05
;;;;;;;540106ac-eb8e-446b-91f5-3fdbad5a5886;Lead II;Emission to water;lake;kg;5,66933E-06
;;;;;;;d807e479-de1d-3a6f-8bce-173c4446c513;Lead II;Emission to air;lower stratosphere + upper troposphere;kg;6,15863E-17
;;;;;;;8e123669-94d3-41d8-9480-a79211fe7c43;Lead II;Emission to air;unspecified;kg;0,002291143
;;;;;;;739234c8-5359-48b4-983f-9cb170d68c8d;Lead II;Emission to soil;unspecified;kg;3,54849E-07
;;;;;;;0ff15165-d761-48c9-9814-2d1dcdd56857;Lead II;Emission to water;ground water, long-term;kg;0,000891544
;;;;;;;80b3c2a1-af98-4dde-b298-abf7e78e38ee;Lead II;Emission to water;fresh water;kg;0,000145023
;;;;;;;67652827-017f-4856-8d0a-c97bac4c6562;Lead II;Emission to soil;industrial;kg;1,93068E-10
;;;;;;;31c4d160-b21e-41b3-b9c1-3d7a72377653;Lead II;Emission to water;unspecified;kg;9,95496E-07
;;;;;;;e9e856c2-868e-435e-8425-8df1c9297cfc;Lead II;Emission to water;ocean;kg;2,42342E-05
;;;;;;;2718482b-8399-442e-b89a-52fbcc22d2e6;Lead II;Emission to air;low population density;kg;0,000139198
;;;;;;;c13ad862-96f2-338e-b9af-f113b6a2cf07;Lead II;Emission to air;unspecified;kg;6,83039E-10
;;;;;;;6a903634-c97f-4c49-a7c0-88f0e6ac7a23;Lead II;Emission to air;high population density;kg;1,93294E-05
;;;;;;;e8783a01-d3f5-4c08-b7b0-12af0f33c20d;Lead-210;Emission to air;low population density;kBq;0,015458483
;;;;;;;8844a749-f21f-4968-bff9-c4d970efe790;Lead-210;Emission to water;ocean;kBq;0,54875986
;;;;;;;2b13a545-f6de-46ac-8172-f644e12099fc;Lead-210;Emission to water;fresh water;kBq;0,281135893
;;;;;;;00e73fdb-98df-4a03-8290-79931cddfd12;Lead-210;Emission to air;unspecified;kBq;0,001050319
;;;;;;;2cfc5ba4-3db2-4193-9e81-b61e75ba1706;Lead-210;Emission to water;unspecified;kBq;4,17238E-10
;;;;;;;356c6086-4835-4a0d-b1f2-10f8b6656d23;Lead-210;Emission to air;high population density;kBq;0,011965775
;;;;;;;85365e41-8102-4f9b-afb7-d7d7e6e07249;Lead-210;Emission to water;ground water;kBq;3,81827E-06
;;;;;;;e721a68c-18a3-45a4-b41b-4c0a3b3e7dff;Lead-210;Emission to water;lake;kBq;0,000374274
;;;;;;;971f25e5-1501-454a-8a5a-2723f84d7974;Linuron;Emission to soil;agricultural;kg;1,93793E-08
;;;;;;;324c8002-da6c-4b87-a8fe-d44e2d9b30ad;lithium;Emission to air;high population density;kg;2,85035E-11
;;;;;;;65acbe76-a761-4a8c-8d66-940a677c69b0;lithium;Emission to soil;unspecified;kg;9,65589E-11
;;;;;;;47bf8e85-dd0a-4b61-b933-cf1e18f34d1e;lithium;Emission to water;unspecified;kg;1,54982E-09
;;;;;;;aee98c0f-45d0-4b36-b660-a27b5ce46aa2;lithium;Emission to water;ground water;kg;9,65589E-11
;;;;;;;6a0dcabc-a85c-4a90-a989-afaf85d095b9;lithium;Emission to water;ocean;kg;0,000151271
;;;;;;;e98084d6-88a2-48cf-9ad5-6462fe9cf857;Lithium I;Emission to water;surface water;kg;7,25809E-05
;;;;;;;580aa85d-e40c-4509-8d97-4955f0df1971;M-CRESOL;Emission to air;unspecified;kg;1,00909E-11
;;;;;;;10571d92-ea97-4ac6-adb6-b25893a631cb;m-Xylene;Emission to air;high population density;kg;2,2766E-05
;;;;;;;d24f41d7-279e-4f5a-9ac9-00f726dc3bcc;m-Xylene;Emission to air;low population density;kg;1,16249E-06
;;;;;;;cfdbc576-e8dc-44ef-bdf2-ddd7009ce57e;m-Xylene;Emission to air;unspecified;kg;6,76992E-06
;;;;;;;feb813f2-ff76-4f52-a966-55297494de4a;m-Xylene;Emission to water;unspecified;kg;4,82856E-14
;;;;;;;309785ae-645a-4541-b225-5422d73b21a6;m-Xylene;Emission to water;fresh water;kg;3,82121E-10
;;;;;;;6cd4ed76-161a-4d90-b275-dc74704ffd1d;Magnesium;Emission to soil;unspecified;kg;0,053915478
;;;;;;;581ddcdf-82b7-4f87-83ee-761a44fea7f7;Magnesium;Emission to soil;industrial;kg;0,00096705
;;;;;;;59542265-cf1b-4ad9-8477-699179fe2b2b;Magnesium;Emission to air;low population density, long-term;kg;0,000431011
;;;;;;;aeefa758-5f4f-4bb4-a28a-4075e81f2fde;Magnesium;Emission to air;unspecified;kg;3,04843E-09
;;;;;;;ebfe261d-ab0d-4ade-8743-183c8c6bdcc6;Magnesium;Emission to air;high population density;kg;9,62984E-05
;;;;;;;1a217018-e3e5-499c-9eb5-5aacb9e6ae9a;Magnesium;Emission to water;ocean;kg;0,016745674
;;;;;;;0437e787-ef47-4a50-b11f-df7c743e860c;Magnesium;Emission to air;low population density;kg;1,83317E-06
;;;;;;;4d14c41d-82eb-33ee-a833-5c1e38e6be6f;Magnesium;Emission to water;lake;kg;3,59653E-05
;;;;;;;e8475907-2081-4fd5-9526-bfcef88380db;Magnesium;Emission to soil;agricultural;kg;9,19808E-06
;;;;;;;9783014c-4ec6-4c9c-84d7-d34c8b390a0b;Magnesium;Emission to water;unspecified;kg;9,0446E-10
;;;;;;;ce9fd912-233a-4807-a33e-0323b1e4a7a2;Magnesium;Emission to water;ground water, long-term;kg;2,986570068
;;;;;;;24acc516-974c-4ff3-b7e1-5950b8d37206;Magnesium;Emission to water;ground water;kg;0,029898837
;;;;;;;f069e9b3-0fb0-4e2c-adc7-bb7df6580cc7;Magnesium;Emission to water;fresh water;kg;0,023606977
;;;;;;;4f6390e3-bca5-4d3b-aead-7d63f2534440;Mancozeb;Emission to soil;agricultural;kg;8,02813E-07
;;;;;;;312aaf26-d20f-4cb3-a556-e1ef03b10ab5;Mancozeb;Emission to air;unspecified;kg;6,82081E-16
;;;;;;;a7af86a7-9b67-45b7-ad3d-dede0adb9d15;Mancozeb;Emission to water;fresh water;kg;4,26297E-17
;;;;;;;957d4d94-9f88-4f40-9755-cfc3918882bb;Manganese;Emission to water;ground water, long-term;kg;0,236853422
;;;;;;;583eec00-1480-4cd7-8670-31eaf94053ad;Manganese;Emission to water;ground water;kg;0,00146813
;;;;;;;06ee87f5-4946-4ecd-9615-b4723595fbaf;Manganese;Emission to water;unspecified;kg;1,46308E-06
;;;;;;;6ed06a59-4fd1-422e-a397-4c3274596701;Manganese;Emission to water;ocean;kg;4,32569E-05
;;;;;;;d3a50c57-7caf-4400-87f5-b0c10d69e760;Manganese II;Emission to water;fresh water;kg;0,031321636
;;;;;;;e14e7084-544e-4898-b6e9-79c10ae82f7d;Manganese II;Emission to water;lake;kg;1,96941E-06
;;;;;;;c91fd4bf-ed70-4e2f-a34f-159773f981b6;Manganese II;Emission to water;ocean;kg;1,29018E-05
;;;;;;;295060ba-3c3d-45e4-99ca-e17b1204b553;Manganese II;Emission to air;unspecified;kg;0,000140548
;;;;;;;6b7fbea6-4a86-40f9-954d-3c9b3611abfd;Manganese II;Emission to soil;unspecified;kg;2,25674E-05
;;;;;;;0af26a55-d357-469f-abad-8ced785cb4fb;Manganese II;Emission to air;low population density, long-term;kg;9,71841E-05
;;;;;;;9ba8c05d-1593-45a5-8d3b-5c4f3e9fef32;Manganese II;Emission to soil;agricultural;kg;6,88541E-07
;;;;;;;b0546417-3064-4878-bd6f-2da75cefdf63;Manganese II;Emission to air;high population density;kg;3,99683E-05
;;;;;;;9c706cff-cb82-4207-a589-95896e04dc08;Manganese II;Emission to soil;industrial;kg;4,8357E-05
;;;;;;;2460f868-54a9-404c-bec8-c809a44ae72c;Manganese II;Emission to air;low population density;kg;2,22333E-05
;;;;;;;16a6b0a2-16f4-4706-a75a-20e08e41f46e;Manganese-54;Emission to water;fresh water;kBq;0,12659493
;;;;;;;729eac4f-0339-4d0f-8956-a71ebe20a527;Manganese-54;Emission to water;unspecified;kBq;7,85588E-10
;;;;;;;46a9723a-aca5-4b66-9367-47412ec9e3a0;Manganese-54;Emission to air;low population density;kBq;6,7054E-08
;;;;;;;e5492922-eaf5-4409-aa49-7f2a35cd0336;MCPA;Emission to soil;agricultural;kg;1,71129E-09
;;;;;;;0f901f59-84bd-42a5-9a4c-04bd8cac7fb9;Mecoprop-P;Emission to soil;agricultural;kg;2,22465E-09
;;;;;;;8ebbd256-8114-4438-98c9-bbed994c140b;Mefenpyr;Emission to soil;agricultural;kg;4,27806E-11
;;;;;;;7ae398b8-8532-11e0-9d78-0800200c9a66;Mercaptans, unspecified;Emission to air;unspecified;kg;6,0738E-08
;;;;;;;40f89b03-64f8-466d-9480-bca47d8a435c;Mercury II;Emission to water;ground water, long-term;kg;7,74465E-05
;;;;;;;ed2d49f8-110d-4db4-9488-f61c349e6117;Mercury II;Emission to soil;agricultural;kg;4,86278E-08
;;;;;;;e2128dc4-e065-4030-81b3-c978d7bc48ec;Mercury II;Emission to soil;industrial;kg;7,90977E-14
;;;;;;;aef694fb-8da8-4e26-8b7d-6769a6aa03a4;Mercury II;Emission to water;lake;kg;1,07063E-13
;;;;;;;a850e6de-a007-432f-be7f-ce6e2cf1f2ae;Mercury II;Emission to air;high population density;kg;1,96025E-06
;;;;;;;5ec9c16a-959d-44cd-be7d-a935727d2151;Mercury II;Emission to air;low population density;kg;4,35202E-06
;;;;;;;154f63d2-0300-3667-b374-9cd550201cc6;Mercury II;Emission to air;lower stratosphere + upper troposphere;kg;2,05101E-19
;;;;;;;e1aa92d7-9297-452e-ade0-e5e2acc52ad7;Mercury II;Emission to water;ground water;kg;1,57554E-07
;;;;;;;dc90db73-6f27-403d-baf1-cb7e0b6cae31;Mercury II;Emission to air;low population density, long-term;kg;2,97575E-07
;;;;;;;63f3d6ad-26f3-3982-a0ec-d38adc0d4a06;Mercury II;Emission to water;unspecified;kg;8,43494E-08
;;;;;;;e529c930-e3c6-4d2d-8a96-f052ec23f2e7;Mercury II;Emission to water;fresh water;kg;1,38587E-06
;;;;;;;1c46f06d-6ad5-3a2b-b6a3-c694ae3f2153;Mercury II;Emission to soil;agricultural;kg;2,5323E-09
;;;;;;;71234253-b3a7-4dfe-b166-a484ad15bee7;Mercury II;Emission to air;unspecified;kg;9,77018E-06
;;;;;;;f7eca11f-546f-4712-ad80-724254685596;Mercury II;Emission to soil;unspecified;kg;4,69612E-10
;;;;;;;fd61d155-3b34-46d5-8769-efb3e806f545;Mercury II;Emission to water;ocean;kg;2,66476E-07
;;;;;;;8b1020ea-0714-40df-8ea9-450e26963a43;Mesotrione;Emission to soil;agricultural;kg;5,69315E-10
;;;;;;;4793b8fb-08c5-412a-8bdf-789cc2e3abab;Metaldehyde (tetramer);Emission to soil;agricultural;kg;9,08932E-08
;;;;;;;a58d5976-a8cb-4925-9bbe-38f27d1b2388;Metals, unspecified;Emission to air;unspecified;kg;8,36792E-10
;;;;;;;fbebc389-bce6-4540-8869-50076139f370;Metamitron;Emission to soil;agricultural;kg;1,71771E-08
;;;;;;;89dd5dfb-aa72-4c48-aaf7-b0aa16497029;Metazachlor;Emission to soil;agricultural;kg;5,17137E-06
;;;;;;;1defe52a-bc9b-4c03-90fb-91bd35f6ce49;Metconazole;Emission to soil;agricultural;kg;1,88964E-07
;;;;;;;20408dd1-8534-11e0-9d78-0800200c9a66;Methane;Emission to air;unspecified;kg;5,763260198
;;;;;;;09eca9fb-65fe-4d44-956f-c3143fee2192;Methane, dichloro-, HCC-30;Emission to water;fresh water;kg;3,06562E-05
;;;;;;;5f7aad3d-566c-4d0d-ad59-e765f971aa0f;Methane, fossil;Emission to air;high population density;kg;0,010230835
;;;;;;;0795345f-c7ae-410c-ad25-1845784c75f5;Methane, fossil;Emission to air;unspecified;kg;0,169081648
;;;;;;;6b1b495b-70ee-4be6-b1c2-3031aa4d6add;Methane, fossil;Emission to air;lower stratosphere + upper troposphere;kg;1,53977E-13
;;;;;;;70ef743b-3ed5-4a6d-b192-fb6d62378555;Methane, fossil;Emission to air;low population density;kg;0,788183995
;;;;;;;63e7d757-8549-11e0-9d78-0800200c9a66;Methane, monochloro-, R-40;Emission to water;unspecified;kg;8,13531E-12
;;;;;;;3302f7f2-5099-45be-92e0-73cda30f2832;Methane, monochloro-, R-40;Emission to water;fresh water;kg;5,01537E-07
;;;;;;;da1157e2-7593-4dfd-80dd-a3449b37a4d8;Methane, non-fossil;Emission to air;unspecified;kg;1,43584E-05
;;;;;;;baf58fc9-573c-419c-8c16-831ac03203b9;Methane, non-fossil;Emission to air;high population density;kg;0,089332368
;;;;;;;57bdb443-d4a6-423d-8024-959b8261d02e;Methane, non-fossil;Emission to air;low population density;kg;0,089157714
;;;;;;;f2cb5577-b802-3bca-bd0a-502374b83e41;Methane, tetrachloro-, CFC-10;Emission to air;unspecified;kg;3,44592E-08
;;;;;;;e3787169-170a-3047-a5f2-16e292861643;Methane, tetrachloro-, CFC-10;Emission to air;high population density;kg;1,23176E-07
;;;;;;;6f3fd3ca-1340-421a-9149-98a21c102041;Methanesulfonic acid;Emission to air;high population density;kg;2,32441E-10
;;;;;;;9d9e8c2a-645e-4a88-bfcf-3b100b09196b;Methanol;Emission to water;ocean;kg;9,01278E-09
;;;;;;;0ebdb68a-f50d-4b0c-ad4b-3a1104d8b454;Methanol;Emission to air;unspecified;kg;0,000126236
;;;;;;;ee2c5c6c-ff01-4151-8332-d4bf1508c759;Methanol;Emission to water;unspecified;kg;6,86447E-07
;;;;;;;f873299d-0675-4fdc-ad01-c5a4b951b583;Methanol;Emission to air;high population density;kg;4,9699E-05
;;;;;;;4f2e5082-46e3-4bf1-a366-3fd79451800e;Methanol;Emission to water;fresh water;kg;0,000465646
;;;;;;;1d2439de-751b-469a-ba3e-fda8fe9802b2;Methanol;Emission to air;low population density;kg;5,38084E-05
;;;;;;;7a310634-fe4e-4815-a971-ceaf4a4c982b;Methomyl;Emission to water;fresh water;kg;8,47181E-21
;;;;;;;486ac967-6912-47ad-bd97-ee5774ae940e;Methomyl;Emission to air;unspecified;kg;1,35543E-19
;;;;;;;a3509543-8359-4e31-ba92-e82bb9d5351e;Methyl acetate;Emission to water;fresh water;kg;1,07751E-10
;;;;;;;bd70c699-1ea1-4bb1-b23d-bc771d7d6311;Methyl acetate;Emission to air;unspecified;kg;4,40938E-07
;;;;;;;ef06f2a4-4b8c-4740-9e06-0c2126d1839a;Methyl acetate;Emission to air;high population density;kg;4,48962E-11
;;;;;;;6994b171-4ce1-4877-9c17-c206180fcea3;Methyl acrylate;Emission to air;high population density;kg;1,02367E-07
;;;;;;;39c49db2-409a-4d5d-93f5-454535398965;Methyl acrylate;Emission to air;unspecified;kg;3,04792E-12
;;;;;;;8217561a-01c7-4275-9574-ae8f76f7602f;Methyl acrylate;Emission to water;fresh water;kg;1,99978E-06
;;;;;;;cf607101-9c02-4b71-9246-11ce75030e0d;Methyl borate;Emission to soil;unspecified;kg;7,2812E-17
;;;;;;;d3709c7e-7c61-45a4-92e4-f7cf95ebe3a2;Methyl ethyl ketone;Emission to air;unspecified;kg;1,1166E-16
;;;;;;;54b35742-21ff-4454-8a3d-f31577e308b3;Methyl ethyl ketone;Emission to air;low population density;kg;5,29984E-10
;;;;;;;26b5c174-e20e-430a-a4b1-44de4af8b40f;Methyl ethyl ketone;Emission to air;high population density;kg;0,000126188
;;;;;;;f311cac9-ba20-4b5a-824a-e9ad5bf8ea59;Methyl formate;Emission to water;fresh water;kg;5,15893E-11
;;;;;;;4877b7b5-0ac1-47f7-96bd-677179544c9f;Methyl formate;Emission to air;unspecified;kg;3,44488E-09
;;;;;;;a71b27f2-3bcb-4bcc-a0c6-b6a123f0b42e;Methyl formate;Emission to air;high population density;kg;1,29218E-10
;;;;;;;80ef64e4-312c-485a-be3d-30856adc0c11;Methyl lactate;Emission to air;high population density;kg;1,80298E-10
;;;;;;;b3ac5da9-ea25-34da-b1ac-a6b9adc9c9d6;Methyl mercaptan;Emission to air;unspecified;kg;1,88196E-11
;;;;;;;1ddb3480-3426-4541-a201-592d4c6fe6aa;Methyl methacrylate;Emission to air;unspecified;kg;4,00859E-10
;;;;;;;be13179a-7e8b-57f8-9852-137ce88a1525;Methylamine;Emission to air;unspecified;kg;1,56703E-14
;;;;;;;7238734e-18ef-4759-914d-61e9ed11bd4e;Methylamine;Emission to air;high population density;kg;1,14622E-09
;;;;;;;d3ac53b1-17d5-40e7-b51d-422e16316404;Methylamine;Emission to water;unspecified;kg;2,75093E-09
;;;;;;;ed63abd0-7cc6-4825-8759-b367e560fe95;Methylchloride;Emission to air;low population density;kg;2,68976E-08
;;;;;;;370447a7-70d1-47bd-8577-0a32c4f53570;Methylchloride;Emission to air;high population density;kg;5,76364E-08
;;;;;;;18ea247b-edc2-43fe-89bd-cedd04102bcc;Methylchloride;Emission to air;unspecified;kg;1,08852E-08
;;;;;;;d2885a24-b728-4832-8638-15697630eff9;Metolachlor;Emission to soil;agricultural;kg;1,54736E-07
;;;;;;;171aebab-b5e0-493f-8776-43e1a694666f;Metribuzin;Emission to soil;agricultural;kg;2,82676E-08
;;;;;;;c2c2b2c4-0a30-4c79-8d1f-0735a95a8962;Metsulfuron-methyl;Emission to soil;agricultural;kg;2,63524E-11
;;;;;;;e3e55f5f-a49f-4f4c-8493-83a908a63b1f;mineral treatment residue (unspecified);Wastes;Mining waste;kg;18,39507177
;;;;;;;640e30d2-3158-4a1a-82ef-fd0c72922c9a;Molybdenum VI;Emission to air;unspecified;kg;1,79713E-06
;;;;;;;35b4d818-1019-413b-b99d-d351d8a67ac4;Molybdenum VI;Emission to air;low population density, long-term;kg;7,52202E-06
;;;;;;;408b3ab9-9ef7-4535-b7eb-975d55b3c6b6;Molybdenum VI;Emission to water;fresh water;kg;0,000122031
;;;;;;;9c1f8a7f-d905-3c60-8ac1-5592b3db48be;Molybdenum VI;Emission to soil;industrial;kg;5,75183E-13
;;;;;;;3822809c-cc03-469d-ac2a-9f85842f8440;Molybdenum VI;Emission to water;ground water;kg;0,000196273
;;;;;;;7d3f7498-3596-478a-9fa1-72201ef94082;Molybdenum VI;Emission to water;ground water, long-term;kg;0,001320104
;;;;;;;163926e2-b4cc-42bb-ba7d-401028140985;Molybdenum VI;Emission to water;ocean;kg;7,41945E-09
;;;;;;;9cf3a683-ed3d-40e9-b039-7653e4fc9e20;Molybdenum VI;Emission to soil;agricultural;kg;7,39858E-09
;;;;;;;c26d4716-ce1e-43da-a662-cd9498b1e8bc;Molybdenum VI;Emission to air;high population density;kg;1,64302E-06
;;;;;;;fdaaef05-0d10-4032-b2e7-85cae3c7bd5c;Molybdenum VI;Emission to water;unspecified;kg;4,36868E-08
;;;;;;;8b531ec0-ca7a-49cd-bef0-56f110112f34;Molybdenum VI;Emission to soil;unspecified;kg;2,08598E-10
;;;;;;;5fa36ce3-aed0-443b-a09d-4cdf25b41995;Molybdenum VI;Emission to air;low population density;kg;1,52011E-06
;;;;;;;142907e3-8285-4fd6-bef8-8101cb43e147;Molybdenum VI;Emission to water;lake;kg;2,03052E-06
;;;;;;;7ca6314d-4ca2-49ab-b1a5-83811a3a9b1f;Molybdenum-99;Emission to water;fresh water;kBq;8,07008E-06
;;;;;;;60340c7f-e9ce-474f-ac08-a6d4d9f864fc;Monochloroethane;Emission to water;unspecified;kg;1,32842E-11
;;;;;;;bce77a75-c399-4fa6-94ab-90d0e704ebde;Monochloroethane;Emission to air;unspecified;kg;6,58219E-08
;;;;;;;33456751-d78b-465d-8635-52d71e77cf54;Monocrotophos;Emission to soil;agricultural;kg;1,95045E-07
;;;;;;;b9f74a13-1d9c-444e-ba61-1ea1abac70b7;Monoethanolamine;Emission to air;high population density;kg;2,50219E-06
;;;;;;;9f550c00-0f0f-45e7-a29c-a450752d4c7a;Monoethanolamine;Emission to air;unspecified;kg;9,62898E-08
;;;;;;;1dc23713-5d50-3df2-9d1e-7701fa59fa39;N-octane;Emission to air;unspecified;kg;1,69098E-09
;;;;;;;eb3a772f-958c-4b2e-8d0c-68d98459f70f;Naphthalene;Emission to water;fresh water;kg;7,2357E-07
;;;;;;;314d7cdc-1a84-48bc-97f5-ad8ed323bfab;Naphthalene;Emission to air;unspecified;kg;4,32656E-06
;;;;;;;fe0acd60-3ddc-11dd-a9e5-0050c2490048;Naphthalene;Emission to water;ocean;kg;1,41683E-05
;;;;;;;9122eb15-12c8-4621-a036-209f6c06e3fb;Napropamide;Emission to soil;agricultural;kg;5,07164E-07
;;;;;;;f2b5acd3-d019-4bab-bbf5-5e40a247059a;Nickel;Emission to water;ground water;kg;5,61117E-05
;;;;;;;08a91e70-3ddc-11dd-96d0-0050c2490048;Nickel II;Emission to water;ocean;kg;1,15805E-05
;;;;;;;23cb10a4-6228-4ce4-9fb5-7043bc31faec;Nickel II;Emission to water;ocean;kg;8,78782E-06
;;;;;;;2bcad3b3-5305-481c-a166-ad5e6eac2675;Nickel II;Emission to soil;unspecified;kg;1,48361E-05
;;;;;;;cda76a7e-4758-4c58-99ce-f7d29afdd629;Nickel II;Emission to water;fresh water;kg;2,96807E-05
;;;;;;;0545c382-2312-43b6-9ec3-63dbb1438565;Nickel II;Emission to air;lower stratosphere + upper troposphere;kg;2,15563E-16
;;;;;;;a5506f4b-113f-4713-95c3-c819dde6e48b;Nickel II;Emission to air;unspecified;kg;0,000259857
;;;;;;;b4580545-243d-48d2-a3a0-2633a4f46fb1;Nickel II;Emission to soil;agricultural;kg;4,65545E-07
;;;;;;;619efb89-ffd5-3fc1-b0c7-46680f5a3310;Nickel II;Emission to air;unspecified;kg;1,76275E-06
;;;;;;;9f69cb8e-51fe-447b-a1ac-4da74de8ebe4;Nickel II;Emission to water;ground water, long-term;kg;0,025681548
;;;;;;;63e7fe55-8549-11e0-9d78-0800200c9a66;Nickel II;Emission to water;unspecified;kg;3,02966E-06
;;;;;;;e43a270f-4f88-4789-a0b8-7aba56677743;Nickel II;Emission to air;high population density;kg;5,05975E-05
;;;;;;;a72a45ee-395a-4d25-b893-9d183e43e76e;Nickel II;Emission to soil;industrial;kg;7,31329E-12
;;;;;;;7aca2bc2-51ed-4ef5-b569-fb153216fea9;Nickel II;Emission to water;lake;kg;3,80915E-08
;;;;;;;77b23aa4-9f0a-4d3f-8857-29ee054cdae1;Nickel II;Emission to water;fresh water;kg;3,83493E-05
;;;;;;;e8fc62ba-678e-4706-97d2-b79d83e227d5;Nickel II;Emission to air;low population density;kg;9,88251E-05
;;;;;;;c89873de-cd23-4323-a948-f5cfeebd2fc9;Nickel II;Emission to air;low population density, long-term;kg;7,93532E-06
;;;;;;;9062e029-5b74-4259-97f3-dbb413ca1239;Nickel, ion;Emission to soil;industrial;kg;1,68518E-09
;;;;;;;3042b6d9-aad5-4953-8c1f-6700699d4e54;Nickel, ion;Emission to soil;agricultural;kg;2,43119E-06
;;;;;;;c63972c5-aea1-40b1-ae5a-67e070cbf719;Nickel, ion;Emission to air;unspecified;kg;1,82056E-05
;;;;;;;504672ba-784f-4c87-bf3e-ede17992e4a2;Nicosulfuron;Emission to soil;agricultural;kg;9,63429E-11
;;;;;;;6f1e995b-5915-4363-bd2c-d1e76ee446e0;Niobium-95;Emission to air;low population density;kBq;8,28764E-09
;;;;;;;8f4c51d1-8cb0-4c6e-8da4-0aae01c5bd64;Niobium-95;Emission to water;fresh water;kBq;4,51699E-05
;;;;;;;5e7cf95c-9cc3-4479-89af-55377b3db99c;Nitrate;Emission to air;unspecified;kg;2,07784E-07
;;;;;;;205617ae-ebc5-4245-8df6-8710d5d40615;Nitrate;Emission to air;low population density, long-term;kg;3,70787E-05
;;;;;;;774c181d-18a7-4096-aa99-56801ef6b909;Nitrate;Emission to soil;unspecified;kg;1,11276E-07
;;;;;;;2ccfa703-d0fe-4d27-9220-ba5ef2e97c6e;Nitrate;Emission to water;lake;kg;1,93914E-05
;;;;;;;43c700bb-0b3b-4fb1-8bd1-3d1da82b6844;Nitrate;Emission to water;ocean;kg;0,000961733
;;;;;;;cbd70647-6237-462a-9d01-d197a8b08506;Nitrate;Emission to air;low population density;kg;1,27532E-05
;;;;;;;b9291c72-4b1d-4275-8068-4c707dc3ce33;Nitrate;Emission to water;ground water;kg;0,011325655
;;;;;;;15ca802b-f541-44aa-bd33-35560a053193;Nitrate;Emission to air;high population density;kg;4,07751E-07
;;;;;;;02d76658-26bd-4b75-b52e-f1db3139d7a4;Nitrate;Emission to soil;industrial;kg;3,21383E-16
;;;;;;;b61057a3-a0bc-4158-882e-b819c4797419;Nitrate;Emission to water;ground water, long-term;kg;0,2996956
;;;;;;;180520a0-34e8-4058-bac9-27cbbb32c527;Nitrate;Emission to water;fresh water;kg;0,01432867
;;;;;;;5189de76-6bbb-44ba-8c42-5714f1b4371f;Nitrate;Emission to water;unspecified;kg;0,000169091
;;;;;;;37d014cb-8c2d-4c98-ab5c-2d4550822c2f;Nitric acid;Emission to air;high population density;kg;1,32655E-06
;;;;;;;878e2773-1894-46c9-8fff-e19ba327f680;Nitric acid;Emission to water;unspecified;kg;7,42429E-10
;;;;;;;2f19a0af-a516-4f89-88ba-4c6b7cd52650;Nitrite;Emission to water;ocean;kg;1,79756E-05
;;;;;;;09257c34-f323-436a-81be-ef90e9171ed2;Nitrite;Emission to water;fresh water;kg;2,4819E-05
;;;;;;;9f5bfac4-cbb6-4b38-afb9-cf563fc5ca15;Nitrite;Emission to water;unspecified;kg;7,99977E-06
;;;;;;;f5d022f1-c26d-4044-ac88-d7c5bbff83c4;Nitrite;Emission to water;ground water, long-term;kg;3,46072E-06
;;;;;;;1753af55-cfa1-4fb2-a059-33594a759982;Nitrobenzene;Emission to air;high population density;kg;1,46343E-09
;;;;;;;3be7ab07-a4fd-4d32-a31f-134d2c5b5143;Nitrobenzene;Emission to air;unspecified;kg;1,26079E-13
;;;;;;;183aa819-941d-48b4-9d47-7e725d1813bb;Nitrobenzene;Emission to water;unspecified;kg;4,99889E-13
;;;;;;;e3d5f160-6ed6-4d63-b0f4-2e1f05b9a590;Nitrobenzene;Emission to water;fresh water;kg;5,86468E-09
;;;;;;;b4f5586e-4589-4482-bfc7-5efdf9bcbf19;Nitrogen;Emission to water;river;kg;0,01
;;;;;;;996829cc-2d40-418a-beda-7c50399952f9;Nitrogen;Emission to water;ocean;kg;2,09179E-07
;;;;;;;dcfe0815-6fa3-4e1d-a55e-155b29904f1d;Nitrogen;Emission to water;unspecified;kg;1,86814E-06
;;;;;;;04176bc2-32ec-48b4-88f7-65f57c6d1293;Nitrogen;Emission to air;unspecified;kg;0,018174505
;;;;;;;14855254-9651-473b-92a2-1d0e4438ddbd;Nitrogen;Emission to water;fresh water;kg;0,001656999
;;;;;;;0b7e10a8-6ca0-4a50-a39b-f2a019cb3610;Nitrogen dioxide;Emission to air;unspecified;kg;1,416247313
;;;;;;;e79e03c3-5b19-45f6-b3f3-bf710c6663d2;Nitrogen fluoride;Emission to air;unspecified;kg;3,13458E-10
;;;;;;;1fdc280a-34d3-4513-b110-3f526b17c443;Nitrogen fluoride;Emission to air;high population density;kg;6,68055E-08
;;;;;;;08a91e70-3ddc-11dd-96ee-0050c2490048;Nitrogen monoxide;Emission to air;unspecified;kg;1,096534326
;;;;;;;c1b91234-6f24-417b-8309-46111d09c457;Nitrogen oxides;Emission to air;unspecified;kg;0,030199481
;;;;;;;4841a0fe-c250-4a39-94a1-1bc31426c0f1;Nitrogen oxides;Emission to air;lower stratosphere + upper troposphere;kg;9,92908E-07
;;;;;;;d068f3e2-b033-417b-a359-ca4f25da9731;Nitrogen oxides;Emission to air;high population density;kg;0,148747196
;;;;;;;77357947-ccc5-438e-9996-95e65e1e1bce;Nitrogen oxides;Emission to air;low population density;kg;0,1397963
;;;;;;;d4d7ab6d-801a-3329-9fac-40240d51b34f;Nitrogen oxides, DE;Emission to air;high population density;kg;0,9
;;;;;;;6135dc91-afd3-458a-a95f-f0448e93eef9;Nitrogen, atmospheric;Emission to air;unspecified;kg;0,186631096
;;;;;;;2732c215-d02a-4f48-84c5-c18ab6143d1d;Nitrogen, organic bound;Emission to water;fresh water;kg;0,000218732
;;;;;;;15cfc784-a719-4230-ad2e-f4104d56c427;Nitrogen, organic bound;Emission to water;ground water, long-term;kg;0,00010395
;;;;;;;77c7dcf8-1d10-4725-9f8f-bcdccaed0836;Nitrogen, organic bound;Emission to water;ocean;kg;1,31446E-05
;;;;;;;a703733d-fabc-487b-826a-06c11ac4c0c6;Nitrogen, organic bound;Emission to water;unspecified;kg;5,64963E-06
;;;;;;;175baa64-d985-4c5e-84ef-67cc3a1cf952;NMVOC, non-methane volatile organic compounds;Emission to air;high population density;kg;0,007244895
;;;;;;;36c96aed-9335-4564-8cdd-46f01a13700c;NMVOC, non-methane volatile organic compounds;Emission to air;lower stratosphere + upper troposphere;kg;2,4146E-08
;;;;;;;33b38ccb-593b-4b11-b965-10d747ba3556;NMVOC, non-methane volatile organic compounds;Emission to air;low population density;kg;0,07004951
;;;;;;;d3260d0e-8203-4cbb-a45a-6a13131a5108;NMVOC, non-methane volatile organic compounds;Emission to air;unspecified;kg;0,244819569
;;;;;;;bd64a010-0115-47ca-942f-cbdac1d26b87;Noble gases, radioactive, unspecified;Emission to air;low population density;kBq;58189,41327
;;;;;;;fc4dbb89-5363-37ee-bbac-7a8d0bf53426;Noise, aircraft, freight;Immaterial emission;unspecified;t*km;0,000936123
;;;;;;;e0a1cf01-4d3a-3333-bb55-33dafa357fd3;Noise, aircraft, passenger;Immaterial emission;unspecified;p*km;0,01878333
;;;;;;;c24e2dc2-b141-376b-b4da-5d3d3b35c768;Noise, rail, freight train;Immaterial emission;unspecified;t*km;112,4531955
;;;;;;;307a17c2-6434-3cf4-9527-2bd1c2288f3e;Noise, road, lorry, average;Immaterial emission;unspecified;m;2073,697669
;;;;;;;6fa59153-aeea-33db-89a5-dc8f2672908b;Noise, road, passenger car, average;Immaterial emission;unspecified;m;25,77665717
;;;;;;;ea5789d9-c0f9-4aeb-9df9-0caaf211534b;o-Chlorotoluene;Emission to water;surface water;kg;1,42715E-09
;;;;;;;a3833724-a816-4c9e-b6fd-ac43e8aeedc2;o-Chlorotoluene;Emission to air;high population density;kg;7,69483E-10
;;;;;;;79b3f708-dd3f-4ccb-9121-a4cdd46e0dc4;o-Dichlorobenzene;Emission to water;surface water;kg;3,60554E-07
;;;;;;;9645e02f-855a-4b9f-8baf-f34a08fa80c4;o-Dichlorobenzene;Emission to air;high population density;kg;6,3029E-10
;;;;;;;a4420691-4666-4855-9124-3030ed233407;o-Nitrotoluene;Emission to air;high population density;kg;1,67432E-10
;;;;;;;1b279330-0469-4d04-9fe2-4e9a38011f0c;o-Xylene;Emission to water;unspecified;kg;3,19266E-14
;;;;;;;527d6cb5-bbd7-403d-8dcc-b6678fb123f5;o-Xylene;Emission to air;unspecified;kg;2,76313E-06
;;;;;;;92259b90-6f92-42ec-b3f2-30775167aff7;o-Xylene;Emission to air;low population density;kg;4,74483E-07
;;;;;;;8214318f-ace1-41c4-96b2-5bd0729d071a;o-Xylene;Emission to water;fresh water;kg;1,94748E-16
;;;;;;;5a6eb27d-9157-46d5-be32-92bbd543ada9;o-Xylene;Emission to air;high population density;kg;3,66713E-08
;;;;;;;08a91e70-3ddc-11dd-9734-0050c2490048;Octane;Emission to air;unspecified;kg;5,97378E-05
;;;;;;;cf011bab-9c8c-34aa-b2cc-390a7ccf0de4;Octene (mixture of isomers);Emission to air;unspecified;kg;5,57408E-09
;;;;;;;be4835bf-5252-48c1-be48-14f59d533bbd;Oils, biogenic;Emission to soil;industrial;kg;2,9181E-05
;;;;;;;d41ee922-fa80-45e3-a317-3e9b72ee385d;Oils, biogenic;Emission to soil;forestry;kg;0,000445497
;;;;;;;c161d9b4-2237-4053-b549-9e0cfc201e0d;Oils, non-fossil;Emission to soil;unspecified;kg;5,94546E-05
;;;;;;;7538ab50-2ef6-4e49-880d-48d5b283a79b;Oils, unspecified;Emission to soil;forestry;kg;2,05561E-05
;;;;;;;5d830756-4153-4cc9-ade4-69f8c19e150f;Oils, unspecified;Emission to water;ocean;kg;0,00071944
;;;;;;;6da0e891-3648-43a5-b0cf-f1872c57db8d;Oils, unspecified;Emission to water;unspecified;kg;0,000482806
;;;;;;;e9bf9e2d-4bd1-4679-86ff-e34f6b750ea0;Oils, unspecified;Emission to soil;industrial;kg;2,60206E-05
;;;;;;;21f77eaa-6f3e-426d-8932-fde33cd936d6;Oils, unspecified;Emission to soil;unspecified;kg;5,41393E-05
;;;;;;;365010c0-d4dd-4281-a1a7-7e2302c4105f;Orbencarb;Emission to soil;agricultural;kg;1,52648E-07
;;;;;;;83cc3810-ac58-40a3-97af-04a855d4c809;Oxydemeton-methyl;Emission to soil;agricultural;kg;9,97666E-10
;;;;;;;08a91e70-3ddc-11dd-9745-0050c2490048;Oxygen;Emission to air;unspecified;kg;0,496537268
;;;;;;;d4f71fc2-2fb6-4d80-b3cd-6e4f197a114f;Ozone;Emission to air;high population density;kg;8,18736E-06
;;;;;;;2058d91e-bb9f-4fce-8e53-131825b14a23;Ozone;Emission to air;unspecified;kg;0,0045026
;;;;;;;404a34e3-251d-4d4f-9f53-9c27f99bfc0e;Ozone;Emission to air;low population density;kg;5,80401E-12
;;;;;;;a5b846ff-3ee4-36d7-8b98-5c3c97de627f;p-Cresol;Emission to air;unspecified;kg;1,47632E-16
;;;;;;;faa13739-2197-355f-a04b-b25804f60478;P-cyanophenol;Emission to soil;industrial;kg;5,69789E-18
;;;;;;;64a53c57-bf2f-43e6-8fb9-71aa94f2421e;PAH, polycyclic aromatic hydrocarbons;Emission to water;fresh water;kg;3,52315E-05
;;;;;;;9d1efa17-070a-4602-a65f-daf5056b0647;PAH, polycyclic aromatic hydrocarbons;Emission to air;high population density;kg;4,10937E-06
;;;;;;;3e5d7d91-67d7-4afb-91dd-36fab58e4685;PAH, polycyclic aromatic hydrocarbons;Emission to air;unspecified;kg;2,75691E-05
;;;;;;;2cfcbe85-0dfd-4414-8683-ecc74392346c;PAH, polycyclic aromatic hydrocarbons;Emission to water;ground water;kg;2,89682E-10
;;;;;;;43372780-9254-4691-8533-70ccd8e1bb67;PAH, polycyclic aromatic hydrocarbons;Emission to soil;unspecified;kg;1,55383E-09
;;;;;;;300bed66-a3c8-46cf-92c2-92d28dff9f91;PAH, polycyclic aromatic hydrocarbons;Emission to water;ocean;kg;1,24515E-05
;;;;;;;13d898ac-b9be-4723-a153-565e2a9144ac;PAH, polycyclic aromatic hydrocarbons;Emission to air;low population density;kg;1,48855E-05
;;;;;;;f21b8022-f20d-4752-8cd6-728f56cf9c43;PAH, polycyclic aromatic hydrocarbons;Emission to water;unspecified;kg;5,49122E-07
;;;;;;;08a91e70-3ddc-11dd-a056-0050c2490048;Palladium;Emission to air;unspecified;kg;7,73585E-14
;;;;;;;e170546d-a672-4840-bd7a-1c7f8b627286;Paraquat;Emission to soil;agricultural;kg;2,23341E-10
;;;;;;;e7d1072e-68ab-4fb4-b141-feb865e3082d;Parathion;Emission to soil;agricultural;kg;7,33695E-10
;;;;;;;66f50b33-fd62-4fdd-a373-c5b0de7de00d;Particulate Matter, < 2.5 um;Emission to air;low population density;kg;0,026257335
;;;;;;;230d8a0a-517c-43fe-8357-1818dd12997a;Particulate Matter, < 2.5 um;Emission to air;high population density;kg;0,004667846
;;;;;;;21e46cb8-6233-4c99-bac3-c41d2ab99498;Particulate Matter, < 2.5 um;Emission to air;unspecified;kg;0,040805617
;;;;;;;051aaf7a-6c1a-4e86-999f-85d5f0830df6;Particulate Matter, < 2.5 um;Emission to air;low population density, long-term;kg;0,003448086
;;;;;;;ddd99a3a-be86-423d-b36a-a9dc8af1b1f8;Particulate Matter, < 2.5 um;Emission to air;lower stratosphere + upper troposphere;kg;1,84367E-09
;;;;;;;66020d27-7ae4-4e59-83a3-89214b72c40a;Particulate Matter, > 10 um;Emission to air;unspecified;kg;2,402157954
;;;;;;;7678cec7-b8e1-439d-8242-99cd452834b1;Particulate Matter, > 10 um;Emission to air;low population density;kg;0,181309319
;;;;;;;b001715e-60e4-4f1d-949d-1acfab65bd8f;Particulate Matter, > 10 um;Emission to air;low population density, long-term;kg;0,008620215
;;;;;;;1eb1b94c-e9d8-47ab-969b-9cca920157d8;Particulate Matter, > 10 um;Emission to air;high population density;kg;0,001957133
;;;;;;;ccb169c3-8aae-4727-89bb-a7dd122946f3;Particulate Matter, > 2.5 um and < 10um;Emission to air;high population density;kg;0,002690531
;;;;;;;295c9740-6fdb-4676-9eb8-15e3786f713d;Particulate Matter, > 2.5 um and < 10um;Emission to air;low population density;kg;0,017857365
;;;;;;;5716c728-bd33-414d-8691-16e5534f5d37;Particulate Matter, > 2.5 um and < 10um;Emission to air;low population density, long-term;kg;0,005172129
;;;;;;;b967e1bf-f09b-4c89-8740-ace21db47bba;Particulate Matter, > 2.5 um and < 10um;Emission to air;unspecified;kg;0,005518655
;;;;;;;252c2e43-c6e3-3010-b045-72aa0e172abb;Particulates;Emission to air;unspecified;kg;1,33141E-06
;;;;;;;08a91e70-3ddc-11dd-91be-0050c2490048;Particulates, < 10 um;Emission to air;unspecified;kg;0,005394213
;;;;;;;3763cdaf-e40d-480f-b147-9665bef90287;Particulates, < 10 um;Emission to water;fresh water;kg;1,75005E-05
;;;;;;;d5e29411-ccc4-3ea7-b0ac-05b5dfc74a4f;Particulates, > 0.2 um, and < 2.5 um;Emission to air;low population density;kg;0,02
;;;;;;;fe0acd60-3ddc-11dd-a705-0050c2490048;Particulates, > 10 um;Emission to water;ocean;kg;0,391795267
;;;;;;;6890390f-43f7-42b3-aef9-b6f35502b692;Particulates, > 10 um;Emission to water;fresh water;kg;7,297896527
;;;;;;;7ae398c3-8532-11e0-9d78-0800200c9a66;Particulates, unspecified;Emission to air;unspecified;kg;2,11028E-09
;;;;;;;9cbbd44e-bc02-4586-9d58-e223db6f5e24;Pendimethalin;Emission to soil;agricultural;kg;1,0164E-08
;;;;;;;6a9ef0ac-2a82-492b-90f7-7f8d09995bbc;Pentachlorobenzene;Emission to air;unspecified;kg;1,57881E-13
;;;;;;;c75dd699-08a5-4215-acf5-e618995e768f;Pentachlorobenzene;Emission to air;high population density;kg;6,2772E-11
;;;;;;;cec6e39b-700c-432f-8c80-4840b0ddc92e;Pentachlorophenol;Emission to air;unspecified;kg;4,69986E-11
;;;;;;;08b928d8-1812-4e0b-b057-4bcaaba24865;Pentachlorophenol;Emission to air;high population density;kg;1,53643E-09
;;;;;;;dc46afa7-0142-49e8-a353-ab6a1327bbc8;Pentachlorophenol;Emission to air;low population density;kg;2,08452E-05
;;;;;;;281e1011-f121-4d5b-ad4d-22d562b2c2cd;Pentafluoroethane;Emission to air;unspecified;kg;7,90551E-09
;;;;;;;2f052025-4072-4d8e-b22d-68d50bfb260c;Pentane;Emission to air;low population density;kg;0,000848637
;;;;;;;0b9698ec-8b52-4986-8f9f-ad30915aa00c;Pentane;Emission to air;high population density;kg;0,000614273
;;;;;;;516606eb-99f6-4e8c-b99a-6b439aaed48c;Pentane;Emission to air;unspecified;kg;0,031893908
;;;;;;;5da998ca-223d-47bb-a516-2ee8c9bf6f2c;Permethrin;Emission to soil;agricultural;kg;3,94113E-11
;;;;;;;18fb2184-d78e-467f-9eac-116bd534739f;Pesticides, unspecified;Emission to soil;agricultural;kg;8,41824E-10
;;;;;;;40a33bfe-bcb6-3302-998d-e4544c00e29d;Petrol;Emission to water;unspecified;kg;1,06804E-08
;;;;;;;ddce24d4-f536-4b44-a51a-e3bca0faf0b0;Phenanthrene;Emission to air;unspecified;kg;1,35904E-06
;;;;;;;895fa803-ad56-4b1d-a37b-23a9135ce26a;Phenanthrene;Emission to air;unspecified;kg;2,52535E-12
;;;;;;;50fb73f7-935a-4cf8-81a0-ff3ca0ea35f9;Phenmedipham;Emission to soil;agricultural;kg;3,14626E-09
;;;;;;;63974d2c-11f3-45eb-be9c-726261b04d85;Phenol;Emission to air;low population density;kg;8,8792E-07
;;;;;;;a3436836-e2fe-4c30-b9a7-0098b489374f;Phenol;Emission to water;ocean;kg;0,000251452
;;;;;;;fadaaa0e-6cd2-43af-b3fd-4f3b92ca72e2;Phenol;Emission to water;fresh water;kg;6,14694E-05
;;;;;;;39153cb9-a8fe-4fc8-beef-1bf1edceb8e7;Phenol;Emission to water;unspecified;kg;8,44464E-07
;;;;;;;5896c761-4e02-4573-8747-c4bbf73162c0;Phenol;Emission to air;unspecified;kg;3,78041E-08
;;;;;;;d761d96f-d236-4131-89c8-ad3269d02a6b;Phenol;Emission to air;high population density;kg;5,38926E-06
;;;;;;;792c0778-933d-3de4-b1a1-5d6d823b5b34;Phenol, 2-chloro-;Emission to air;unspecified;kg;7,39478E-14
;;;;;;;31c006e5-aaa6-36ae-a898-aa9aae7bd69b;Phenol, 4-chloro-;Emission to air;unspecified;kg;6,25409E-13
;;;;;;;82704d17-f5dc-43af-9693-45479450755b;Phenol, pentachloro-;Emission to water;fresh water;kg;2,56093E-16
;;;;;;;7502ee31-9464-41bb-a061-ec90696679d6;Phosphate;Emission to soil;unspecified;kg;0,048769659
;;;;;;;490b267b-f429-4d9a-ac79-224e37fb4d58;Phosphate;Emission to water;ground water, long-term;kg;0,858303052
;;;;;;;c8791f3c-3c4a-4278-91c0-483797d14da2;Phosphate;Emission to water;unspecified;kg;1,6082E-05
;;;;;;;a87680bc-ecde-471a-88bb-6bc7482a62cf;Phosphate;Emission to water;fresh water;kg;0,004702074
;;;;;;;329fc7d8-4011-4327-84e4-34ff76f0e42d;Phosphate;Emission to water;ground water;kg;0,115312329
;;;;;;;e17ecc95-00ce-496d-8864-4728a6069971;Phosphate;Emission to soil;industrial;kg;4,01357E-11
;;;;;;;ad62c648-1af8-4805-bbfb-64c6361eb9f6;Phosphate;Emission to water;lake;kg;8,37643E-08
;;;;;;;3aaf9017-0d8a-42aa-9a60-cbc39e994e73;Phosphate;Emission to water;ocean;kg;0,000116355
;;;;;;;097cecfb-bed2-43a0-81b7-c153d0bb14b9;Phosphine;Emission to air;unspecified;kg;2,13085E-10
;;;;;;;fba3ef86-de65-4079-868d-8b6438d46092;Phosphine;Emission to air;high population density;kg;1,12032E-10
;;;;;;;5d0058e0-ad1b-4c15-b0ff-a665bb04154f;Phosphoric acid;Emission to air;high population density;kg;4,20191E-15
;;;;;;;b1fca66f-8e83-469a-a7b5-018e14d5d545;Phosphorus;Emission to water;ground water;kg;1,02829E-06
;;;;;;;2d4b8ec1-8d53-4e62-8a11-ebc45909b02e;Phosphorus;Emission to water;unspecified;kg;4,03642E-06
;;;;;;;ea4e9316-5080-4b3b-bbf3-1949f6d7577a;Phosphorus;Emission to air;low population density;kg;6,97639E-07
;;;;;;;8b0a4a41-c65c-4d94-b10c-94ddb98abdd2;Phosphorus;Emission to soil;unspecified;kg;1,20781E-09
;;;;;;;62f3d964-9b53-4d01-9ee0-04112dcfc6d2;Phosphorus;Emission to water;ocean;kg;1,14487E-06
;;;;;;;c89a0749-40a5-4c9c-8770-c4295ea34977;Phosphorus;Emission to soil;agricultural;kg;1,34956E-07
;;;;;;;d761f94e-517d-41cf-89fa-17dc72f7a69b;Phosphorus;Emission to air;unspecified;kg;8,21786E-10
;;;;;;;198ce8e3-f05a-4bec-9f7f-325347453326;Phosphorus;Emission to air;high population density;kg;5,74868E-05
;;;;;;;2f8952b0-c90c-4e3d-b546-52b862fc8f11;Phosphorus;Emission to soil;industrial;kg;6,04415E-05
;;;;;;;4d11b9d2-f8b4-413f-822f-141d7ae493d8;Phosphorus;Emission to water;fresh water;kg;1,95397E-05
;;;;;;;e2d35af7-9806-46ff-9b75-b124a48fa5a1;Phosphorus;Emission to air;low population density, long-term;kg;7,26224E-06
;;;;;;;16addd86-288b-419a-8217-75e4197c5f9d;Phosphorus trichloride;Emission to air;high population density;kg;2,37635E-08
;;;;;;;1c0699e2-9be2-4c30-8328-fc0ad8caac58;Pirimicarb;Emission to soil;agricultural;kg;6,73487E-09
;;;;;;;f29a1f6e-0c76-4074-ba64-dcb724b2de9c;Platinum;Emission to air;unspecified;kg;1,68027E-11
;;;;;;;d4238781-b3da-4efc-b20f-a5ec1d9d85b6;Platinum;Emission to air;low population density;kg;1,79457E-09
;;;;;;;e4ad89a2-c1d3-4d0b-ad44-2a7ff00b1f39;Platinum;Emission to air;high population density;kg;39,44026899
;;;;;;;59c2b461-3992-4b18-8f27-699f4880cc4e;Plutonium-238;Emission to air;low population density;kBq;8,26226E-10
;;;;;;;d7606d42-844f-49ea-bed6-c67733bc04f4;Plutonium-alpha;Emission to water;fresh water;kBq;0,014835162
;;;;;;;3ef6e30a-9742-48c8-adcd-48e38148004c;Plutonium-alpha;Emission to air;unspecified;kBq;2,29026E-07
;;;;;;;4f3ee6dc-f092-429b-82bc-b9538bdb751b;Plutonium-alpha;Emission to air;low population density;kBq;1,89402E-09
;;;;;;;44dd80c7-9960-4881-8431-939509b81f53;Polonium-210;Emission to air;low population density;kBq;0,026775471
;;;;;;;4bc227ab-878c-46ba-a999-39f8206ed864;Polonium-210;Emission to water;fresh water;kBq;0,021281464
;;;;;;;f5eb4e80-a7ff-4f1b-b97f-933940bd1377;Polonium-210;Emission to water;lake;kBq;0,000276422
;;;;;;;c6976591-c1f2-4c53-b9ff-182db73f0a7f;Polonium-210;Emission to water;ocean;kBq;0,010498835
;;;;;;;ab046420-da89-48e5-9e05-2a2b703eb2fe;Polonium-210;Emission to air;high population density;kBq;0,021914637
;;;;;;;48725db0-ff99-4074-90a0-bb22165432bb;Polonium-210;Emission to water;ground water;kBq;5,81042E-06
;;;;;;;13738d15-2256-40f6-99da-d802e5f4c747;Polonium-210;Emission to air;unspecified;kBq;0,001576428
;;;;;;;c9b97088-efc6-43c1-8d26-f78d6cdbb50b;Polychlorinated biphenyls;Emission to air;unspecified;kg;3,04268E-08
;;;;;;;456b8003-1508-4000-a53c-752e02023445;Polychlorinated biphenyls;Emission to air;high population density;kg;3,0688E-12
;;;;;;;07279b73-709f-4ac2-a9e1-82fbd01ce301;Polychlorinated biphenyls;Emission to air;low population density;kg;3,29323E-12
;;;;;;;fed18945-b0e0-47a4-8fa0-6bc99c3c512a;Polychlorinated biphenyls;Emission to water;unspecified;kg;5,03219E-15
;;;;;;;3d0a3864-350f-4aaa-aff4-52f24808dc26;Polychlorinated biphenyls;Emission to water;unspecified;kg;1,2666E-14
;;;;;;;2f2083f7-404b-3c39-a1f6-2bc88e8b1e20;Potassium;Emission to water;ground water, long-term;kg;1,742174089
;;;;;;;dcf8705e-f066-4a89-9311-d2993c27fb84;Potassium;Emission to water;ground water;kg;0,022102249
;;;;;;;08a91e70-3ddc-11dd-97c6-0050c2490048;Potassium;Emission to water;ocean;kg;0,011514075
;;;;;;;a2632dc9-f27b-4f4d-bf67-c0bab45421dd;Potassium;Emission to water;fresh water;kg;0,010232503
;;;;;;;b717518e-b8b6-44fa-a8e1-f9fde2436caf;Potassium I;Emission to soil;agricultural;kg;7,50519E-07
;;;;;;;73b26c10-3c57-4732-8a36-6d1d98d6c925;Potassium I;Emission to soil;unspecified;kg;0,041983011
;;;;;;;aac39edf-68c5-4f38-9aa9-17e3ca265109;Potassium I;Emission to air;high population density;kg;0,004432118
;;;;;;;926fdcf3-6c44-44e2-acb6-159060ac65cf;Potassium I;Emission to air;low population density, long-term;kg;0,000739213
;;;;;;;9597c1a2-ecda-4a89-97c5-efcdc679058d;Potassium I;Emission to air;low population density;kg;1,12304E-06
;;;;;;;756b1234-887b-406e-88ed-b50ba4694f09;Potassium I;Emission to air;unspecified;kg;6,2657E-08
;;;;;;;bc269269-1874-4423-b5f0-eed0f5227684;Potassium I;Emission to soil;industrial;kg;0,000423085
;;;;;;;5b6686f3-711c-4ebc-9190-6b153f048b93;Potassium-40;Emission to water;fresh water;kBq;0,026703904
;;;;;;;e47a779e-8fcb-4d0e-bcff-b9b14a5be827;Potassium-40;Emission to air;high population density;kBq;0,003688515
;;;;;;;7069a2cd-257a-4a29-b10f-1e21ed853709;Potassium-40;Emission to air;low population density;kBq;0,002653265
;;;;;;;f970ac84-3896-4168-a701-c73bf475edbb;Potassium-40;Emission to water;ground water;kBq;4,6152E-07
;;;;;;;c52555d3-077e-4970-9089-f5d30ab1212e;Potassium-40;Emission to water;ocean;kBq;0,00083008
;;;;;;;4bc2ecf7-fbc3-4c74-81f6-30f9f4425d30;Potassium-40;Emission to air;unspecified;kBq;7,14103E-07
;;;;;;;b1fedd38-0f13-4baa-a6e9-ccc453e5b2f5;Primisulfuron;Emission to soil;agricultural;kg;4,37932E-11
;;;;;;;99f1e4a4-2f47-4098-8f28-4c736a5b675d;Prochloraz;Emission to soil;agricultural;kg;5,42877E-08
;;;;;;;963be8ca-e43d-4f8d-a97b-d8982035ffbc;Propanal;Emission to air;low population density;kg;8,89746E-07
;;;;;;;eeaeefc1-0af9-45e5-99a8-2333a387f0ae;Propanal;Emission to air;high population density;kg;2,7487E-06
;;;;;;;555aed47-6c62-4cbe-b9b8-d01229284c8a;Propanal;Emission to air;unspecified;kg;3,02766E-11
;;;;;;;d45d9782-c41e-4106-bc62-86e8093bef6a;Propanal;Emission to water;fresh water;kg;4,7766E-10
;;;;;;;3a6c936c-0276-4f11-9d98-1bd011387a6e;Propane;Emission to air;unspecified;kg;0,195364486
;;;;;;;9beb60a3-3a8c-4345-9a0e-107eec2f709f;Propane;Emission to air;low population density;kg;0,001470515
;;;;;;;98c66fdb-091d-46e9-a533-686f821e8f6a;Propane;Emission to air;high population density;kg;0,000359176
;;;;;;;7d1fe6d6-5635-314e-8559-ba9b7f41691e;Propane, 1,1,1,3,3-pentafluoro-, HFC-245fa;Emission to air;unspecified;kg;8,08461E-13
;;;;;;;3f719ae6-5061-4d79-8b41-c71894928140;Propane, 1,2-dichloro-;Emission to water;fresh water;kg;1,33805E-13
;;;;;;;51cd1fb1-dbac-368a-9d68-953b7b494cc8;Propane, perfluorocyclo-;Emission to air;high population density;kg;3,18474E-11
;;;;;;;cada56a9-5b09-4490-84a3-70e5ec1bd735;Propanol;Emission to water;fresh water;kg;5,94002E-10
;;;;;;;ff5d0fa9-6ca8-4e61-b99b-14981620c0d7;Propanol;Emission to air;unspecified;kg;3,06604E-14
;;;;;;;4a6af581-af93-4d79-9f45-a5c43f463bbb;Propanol;Emission to air;high population density;kg;4,91133E-06
;;;;;;;89107893-d6a6-4b60-b17e-7f4542461dfd;Propaquizafop;Emission to soil;agricultural;kg;2,79446E-07
;;;;;;;5b78d61d-e67a-4f52-b15c-bb57a07ce649;Propene;Emission to water;fresh water;kg;6,09045E-05
;;;;;;;f7c6455a-51e5-4aba-8361-99b98d47c47b;Propiconazole;Emission to soil;agricultural;kg;1,03387E-09
;;;;;;;f1c0cd31-8d5e-4bc9-91f6-79e76329234e;Propionic acid;Emission to air;high population density;kg;8,94298E-06
;;;;;;;a1ecc854-a399-4b01-bae2-3a88b12ed44f;Propionic acid;Emission to air;unspecified;kg;1,48275E-06
;;;;;;;1273b765-a764-4f0b-938d-8e8ba190ac8d;Propionic acid;Emission to water;fresh water;kg;3,09566E-09
;;;;;;;8c6412f6-e293-499a-897a-e33e3774b665;Propyl amine;Emission to air;high population density;kg;5,70177E-11
;;;;;;;dadccbaa-c0c5-46b3-aff7-0ac2ba2c3aa4;Propylamine;Emission to water;fresh water;kg;1,36844E-10
;;;;;;;64165202-4870-47d0-8602-b85e5d672865;Propylene;Emission to air;unspecified;kg;8,16111E-05
;;;;;;;ada09403-d5f2-4496-9201-a6dcca0b1717;Propylene;Emission to air;high population density;kg;2,74142E-05
;;;;;;;23856318-9583-426b-ab04-12e4506b60a8;Propylene;Emission to air;low population density;kg;2,34691E-05
;;;;;;;2941714a-58f7-382e-be56-51d6e5cb4af0;Propylene glycol methyl ether acetate;Emission to air;unspecified;kg;2,77225E-13
;;;;;;;144f3b78-5d55-4679-b44c-71f83d0e1b79;propylene glycol monomethyl ether acetate;Emission to air;unspecified;kg;1,8738E-08
;;;;;;;cfba50f9-99a2-4d76-ad0f-26f23d2c842b;Propylene oxide;Emission to water;fresh water;kg;2,03226E-05
;;;;;;;c4503380-1045-4670-a7da-fe5dcce56699;Propylene oxide;Emission to air;unspecified;kg;1,35459E-11
;;;;;;;f276d4ca-b1ad-4575-9442-e35b5e3b618b;Propylene oxide;Emission to air;high population density;kg;1,38273E-05
;;;;;;;48fececf-9b55-408d-9782-72057c79effe;Propylene oxide;Emission to water;unspecified;kg;2,14855E-11
;;;;;;;04cd03b8-8206-4d3a-a910-59ffc0550c2c;Prosulfuron;Emission to soil;agricultural;kg;7,88263E-12
;;;;;;;fb13070e-06f1-4964-832f-a23945b880cc;Protactinium-234;Emission to air;low population density;kBq;0,000873524
;;;;;;;0267272f-ea07-498a-9723-43583f115b46;Protactinium-234;Emission to air;unspecified;kBq;5,2753E-07
;;;;;;;35372933-4994-4200-9bbe-6f5118696dce;Protactinium-234;Emission to water;fresh water;kBq;0,019255226
;;;;;;;41608b3b-1057-4205-a0bc-0618e5af7e1b;Radioactive species, alpha emitters;Emission to water;unspecified;kBq;1,84473E-05
;;;;;;;2bbffe32-86bd-485c-95a2-844bbfd42840;Radioactive species, Nuclides, unspecified;Emission to water;ocean;kBq;5,881759208
;;;;;;;e8c62990-85c7-4f16-ab5f-76a5fc28a2a5;Radioactive species, Nuclides, unspecified;Emission to water;unspecified;kBq;35,89521434
;;;;;;;bc13f992-b93e-4ef3-921a-2898e7674a7c;Radioactive species, other beta emitters;Emission to air;high population density;kBq;0,014582808
;;;;;;;ca828b6a-5c31-4cce-941e-cc7c1900e6fe;Radioactive species, other beta emitters;Emission to air;low population density;kBq;5,94679E-05
;;;;;;;630a48ab-c9f7-4bf0-9efd-9f865934c2c8;Radioactive species, other beta emitters;Emission to air;unspecified;kBq;4,5594E-07
;;;;;;;d13670ac-cdf5-3a86-86ff-b4629de202b7;Radioactive species, unspecified;Emission to air;low population density;kBq;7,46164E-06
;;;;;;;49a41a2d-2f1c-463f-b844-eda304d847b3;Radioactive species, unspecified;Emission to air;unspecified;kBq;2,569295231
;;;;;;;d73952b6-7af5-4473-b68d-b0ce7f063317;Radium-224;Emission to water;fresh water;kBq;0,069075499
;;;;;;;0a7de246-d762-4210-8656-56e1f26249b6;Radium-224;Emission to water;ocean;kBq;0,144026146
;;;;;;;cab6be7d-d237-4464-87a3-eef17c46d8f3;Radium-226;Emission to water;lake;kBq;0,00054836
;;;;;;;74a0aabb-e11b-4f3b-8921-45e447b33393;Radium-226;Emission to water;ocean;kBq;3,474984711
;;;;;;;d65a94b4-0479-42cc-8274-2db66e1e6aeb;Radium-226;Emission to water;unspecified;kBq;0,004084409
;;;;;;;e839f221-2958-425e-b113-b3a5b12ca226;Radium-226;Emission to water;fresh water;kBq;80,03140617
;;;;;;;1c02cff4-e852-489b-893c-d3ed30eb8ca5;Radium-226;Emission to air;high population density;kBq;0,003169971
;;;;;;;788c0461-92d9-4a39-b89b-e3c42a5c68ae;Radium-226;Emission to water;ground water;kBq;4,32482E-06
;;;;;;;d1679eda-eac2-4be4-876f-3be480c53dc4;Radium-226;Emission to air;low population density;kBq;0,022951969
;;;;;;;b912f4b4-34ac-4ec1-aba1-01b9c83683e5;Radium-226;Emission to air;unspecified;kBq;0,006341283
;;;;;;;4ea9bb4f-e4ab-45d7-beb5-dc07fc1c685a;Radium-228;Emission to water;unspecified;kBq;2,68611E-09
;;;;;;;d5ca33b3-f101-4371-b684-c720463ae2ab;Radium-228;Emission to air;unspecified;kBq;2,22023E-07
;;;;;;;09257283-72d9-4d13-838b-ee7f28e6d146;Radium-228;Emission to water;ocean;kBq;0,571185787
;;;;;;;deafd761-4499-40e3-8667-06c91f204f6f;Radium-228;Emission to air;high population density;kBq;0,001533798
;;;;;;;6ba6a13a-fba6-4c15-af46-4aab37ed99b8;Radium-228;Emission to water;fresh water;kBq;0,273927035
;;;;;;;793f8194-88c0-4315-b59e-58de48ba6ce4;Radium-228;Emission to air;low population density;kBq;0,001234278
;;;;;;;b613b3b0-a98d-4b7a-a908-999ccfe1452d;Radon-220;Emission to air;unspecified;kBq;1,55843E-05
;;;;;;;98bd0642-19d0-4c76-930e-03136c21cc20;Radon-220;Emission to air;high population density;kBq;0,18032046
;;;;;;;e70d3563-78c4-42cf-8cf3-5ac42c499589;Radon-220;Emission to air;low population density;kBq;0,14028787
;;;;;;;4ac6979b-55f2-42ae-8d7e-37846e92506c;Radon-222;Emission to air;low population density, long-term;kBq;165319,1968
;;;;;;;1551f1cd-7cb7-4f68-a628-cb9301323c7b;Radon-222;Emission to air;low population density;kBq;1517,785129
;;;;;;;cb3265f8-49a0-4b09-9bd9-c374370c4cc4;Radon-222;Emission to air;unspecified;kBq;2500,513347
;;;;;;;6fd55524-c309-4eb8-bff6-9c606e3a82d7;Radon-222;Emission to air;high population density;kBq;0,528531335
;;;;;;;fe0acd60-3ddc-11dd-abb5-0050c2490048;Rhodium;Emission to air;unspecified;kg;7,46767E-14
;;;;;;;8b4f0e68-38d5-4bee-b647-680d3a117560;Rimsulfuron;Emission to soil;agricultural;kg;4,37932E-11
;;;;;;;ebc5f04e-ae40-49b1-b07b-495f67e26c28;Rubidium;Emission to water;ocean;kg;5,7093E-06
;;;;;;;5dcb435e-8f61-4775-8112-9a57454adb88;Rubidium;Emission to water;fresh water;kg;2,7395E-06
;;;;;;;22798ed2-c8bb-42d5-8d7c-8e3b14d3bc3e;Ruthenium-103;Emission to air;low population density;kBq;1,74884E-09
;;;;;;;e804f989-40c6-4a57-8a69-838ffb2ca08f;Ruthenium-103;Emission to water;fresh water;kBq;2,53315E-06
;;;;;;;d134df3d-b37d-4c58-9913-b1653cdca3cc;Ruthenium-106;Emission to water;ocean;kBq;0,240858188
;;;;;;;1a3cb020-8e07-4ab4-8352-b215227eede0;Ruthenium-106;Emission to water;fresh water;kBq;0,005874289
;;;;;;;3a3489d9-0d1f-4fb1-910a-1fdc7f1e4f71;Scandium;Emission to air;low population density, long-term;kg;1,54692E-05
;;;;;;;0a6ae675-cdf2-475d-b4ef-486e78757d65;Scandium;Emission to water;ground water;kg;1,15014E-05
;;;;;;;8000fc7d-edfe-4970-9224-a4c05281d46b;Scandium;Emission to air;unspecified;kg;2,09405E-10
;;;;;;;11a9c7c4-8368-467f-87c6-a8b12b124138;Scandium;Emission to water;fresh water;kg;4,94765E-06
;;;;;;;17505bf8-40af-4580-8608-5841ff063d23;Scandium;Emission to air;low population density;kg;2,90775E-08
;;;;;;;bba88093-bd9b-4b95-b869-74e718b796dc;Scandium;Emission to air;high population density;kg;9,29284E-09
;;;;;;;f6266ac7-9608-47f2-bc91-3857eb366446;Scandium;Emission to water;ground water, long-term;kg;0,000719079
;;;;;;;a79be2ee-ac83-4328-a136-a34ba1f99089;Selenium IV;Emission to air;high population density;kg;1,45003E-05
;;;;;;;45acd8c0-657f-46d3-8026-4b3c9fadaeb6;Selenium IV;Emission to soil;unspecified;kg;1,1417E-08
;;;;;;;93e71b71-05d4-4a44-a85a-592a6f21cf0c;Selenium IV;Emission to air;low population density, long-term;kg;2,16096E-06
;;;;;;;56a24912-2d66-4124-87d8-f760c2fe3973;Selenium IV;Emission to soil;industrial;kg;1,52035E-17
;;;;;;;4d54a415-82d7-49ac-88e1-712bd0009363;Selenium IV;Emission to water;ground water, long-term;kg;0,000962838
;;;;;;;307c1028-7727-4627-ac0b-a3c14fef1d7a;Selenium IV;Emission to water;fresh water;kg;2,06367E-05
;;;;;;;e6551223-73b6-4289-b841-c5cdeb25abd9;Selenium IV;Emission to air;low population density;kg;4,94116E-05
;;;;;;;62cc5e18-da24-4fb7-9f7c-1601fedba341;Selenium IV;Emission to water;ocean;kg;4,76988E-11
;;;;;;;1be475e0-ccef-4145-98e0-0d47c570a71b;Selenium IV;Emission to water;ground water;kg;2,32326E-05
;;;;;;;207a9d66-c6e7-31c4-ad29-e3ba3f6916cb;Selenium IV;Emission to air;unspecified;kg;1,29307E-07
;;;;;;;6284e146-54b2-4067-a478-9b8ee24c6400;Selenium IV;Emission to water;unspecified;kg;2,02211E-08
;;;;;;;454c61fd-c52b-4a04-9731-f141bb7b5264;Selenium IV;Emission to air;unspecified;kg;0,000910135
;;;;;;;d168ac51-3eb7-4944-8795-89f21c12c040;Selenium IV;Emission to water;lake;kg;7,69984E-07
;;;;;;;f8ff2106-63ee-3b88-8116-6bcb96b3a0e5;Selenium IV;Emission to air;lower stratosphere + upper troposphere;kg;3,07898E-17
;;;;;;;a57cb19d-f436-4c0c-a2ab-097c544bd95f;Silicon;Emission to soil;industrial;kg;0,000120881
;;;;;;;997dccfb-6574-46b8-ad93-7f31074abf9a;Silicon;Emission to air;high population density;kg;0,000136807
;;;;;;;479daf8f-657e-46a6-bdea-3cb2c61c44b1;Silicon;Emission to air;low population density;kg;8,89023E-05
;;;;;;;b8823bae-a149-44d7-825b-30708a97cb5f;Silicon;Emission to water;unspecified;kg;0,001134361
;;;;;;;2cea4705-5460-4f03-80ca-1aaf90f17c3a;Silicon;Emission to air;low population density, long-term;kg;0,000962394
;;;;;;;6575edf4-826c-4e99-a21a-08a1afec1396;Silicon;Emission to soil;unspecified;kg;1,33349E-07
;;;;;;;e98b9661-2844-49dc-9ae4-855b9912c700;Silicon;Emission to air;unspecified;kg;7,3101E-06
;;;;;;;fc91fc6f-596e-424a-9ee4-4432d718a66f;Silicon;Emission to water;ground water;kg;0,020354218
;;;;;;;39f248d5-dd9b-4460-8f34-3415dc3f3e43;Silicon;Emission to soil;agricultural;kg;0,000515881
;;;;;;;5fefa2d0-133d-444f-b1fe-596d15f4673e;Silicon;Emission to water;ocean;kg;8,41317E-07
;;;;;;;ce88a9b6-0afa-4f68-9b32-8c3438bf4025;Silicon;Emission to water;ground water, long-term;kg;4,463994521
;;;;;;;ee7b9d2a-a8d7-4df3-ad61-7dd51a39480d;Silicon tetrafluoride;Emission to air;low population density;kg;1,19529E-08
;;;;;;;10555050-586c-46b7-848e-9d90324d104b;Silicon tetrafluoride;Emission to air;unspecified;kg;5,49801E-11
;;;;;;;21c257b2-57ce-4a6e-b4bd-40f0f75f310f;Silver I;Emission to water;ocean;kg;3,78867E-07
;;;;;;;108a082e-3772-4a76-ac4b-659ffc001e53;Silver I;Emission to water;ground water;kg;6,68424E-07
;;;;;;;60d55006-b236-4d9d-8700-71e92bc401af;Silver I;Emission to water;fresh water;kg;2,82921E-07
;;;;;;;6570b202-29b7-4525-ab23-c56f1913903d;Silver I;Emission to water;river, long-term;kg;1,33412E-11
;;;;;;;4468e7d7-d456-4bad-aa43-b6ddd36b20bb;Silver I;Emission to water;ocean;kg;7,49199E-10
;;;;;;;7da45a0b-0dcf-413c-8de0-44d8ebca9e6e;Silver I;Emission to soil;unspecified;kg;7,42147E-12
;;;;;;;35df5fe0-c90d-43b4-a35a-3d97022114d2;Silver I;Emission to air;low population density;kg;8,51681E-10
;;;;;;;ebb88ef4-50ab-4e3b-9251-c5fcdf6b4768;Silver I;Emission to air;unspecified;kg;2,71269E-08
;;;;;;;525d2bc8-8e04-4c3e-935f-91af31af1553;Silver I;Emission to water;lake;kg;3,35057E-10
;;;;;;;94426df9-63b1-4dc6-ad1b-3509e22f1154;Silver I;Emission to water;ground water, long-term;kg;2,07666E-05
;;;;;;;c6462d84-caa9-425a-a923-45238690c6f3;Silver I;Emission to air;high population density;kg;1,15795E-07
;;;;;;;63e82560-8549-11e0-9d78-0800200c9a66;Silver I;Emission to water;unspecified;kg;3,02245E-12
;;;;;;;0ed1b1a1-e56d-4860-bac7-d76a39bde930;Silver I;Emission to air;low population density, long-term;kg;6,47107E-07
;;;;;;;c62c75a7-339e-4133-9b89-ef46aa607f2a;Silver-110;Emission to water;fresh water;kBq;0,010933747
;;;;;;;2c9e7fba-dd57-4294-8a5e-2aa489930f69;Silver-110;Emission to air;low population density;kBq;2,64916E-08
;;;;;;;3ac07adf-7b44-46f7-9470-b7b1bf0ba961;Simazine;Emission to soil;agricultural;kg;8,84599E-10
;;;;;;;3c4b0e5d-6500-4ada-9a2c-58e43ac96500;slag (unspecified);Wastes;Production residues;kg;0,628112806
;;;;;;;6d5c5a51-42ce-412a-9517-d0baba8b5b99;Sodium;Emission to water;fresh water;kg;10,05971604
;;;;;;;febc1fab-a121-3f4d-901b-075a6e93f3ef;Sodium;Emission to water;lake;kg;0,001858425
;;;;;;;84792d87-a744-40ef-a3f2-f3a3c09d59cc;Sodium;Emission to water;ground water;kg;0,047765655
;;;;;;;b98b3bb7-0ed2-41d1-b181-de0e21d8b42c;Sodium;Emission to water;unspecified;kg;0,001884652
;;;;;;;5125318a-2e7b-4d2d-a2c9-071fba71cd3a;Sodium;Emission to water;ocean;kg;0,543701974
;;;;;;;ada8c83c-995a-3fa1-bdec-36a0590efbd2;Sodium;Emission to water;ground water, long-term;kg;2,806634836
;;;;;;;2a0b51e8-2787-4733-8484-a46f67a25319;sodium carbonate;Emission to air;unspecified;kg;2,21938E-10
;;;;;;;21b46c65-491e-40a9-ac74-5877af997d7c;Sodium chlorate;Emission to air;high population density;kg;1,51505E-07
;;;;;;;2d019079-e635-49ae-9267-2f61e121acdf;Sodium chloride;Emission to water;unspecified;kg;2,38769E-12
;;;;;;;02f47487-8da6-433a-91d8-fc0650e53fc4;Sodium chloride;Emission to air;unspecified;kg;9,81702E-10
;;;;;;;a57bf693-7ffa-409d-919c-c806e34a4c67;Sodium dichromate;Emission to air;unspecified;kg;2,04738E-10
;;;;;;;7a63162b-4ffe-447f-ba52-782d5548b774;Sodium dichromate;Emission to air;high population density;kg;6,98014E-07
;;;;;;;4764f5f1-69bc-4ebb-b7c6-6b54c251056e;Sodium formate;Emission to air;high population density;kg;1,46854E-08
;;;;;;;368b8a39-0503-4607-b838-1daa8db1d67c;Sodium formate;Emission to water;fresh water;kg;3,52807E-08
;;;;;;;7dd10f03-00ef-483e-88c7-ba23e5330316;Sodium hydroxide;Emission to air;unspecified;kg;1,71254E-11
;;;;;;;834e7547-a8ea-4765-a76e-357612ba65c4;Sodium hydroxide;Emission to air;high population density;kg;1,82002E-07
;;;;;;;3d719c07-ec27-4971-b7cc-4bcf17d77dd3;Sodium I;Emission to air;low population density;kg;2,09314E-06
;;;;;;;01248058-8a0f-40f6-8555-13ec37c7931d;Sodium I;Emission to air;low population density, long-term;kg;0,000253883
;;;;;;;cc1c987a-2b6e-4cbc-969a-73f1c96de448;Sodium I;Emission to soil;industrial;kg;0,002417626
;;;;;;;235b2f02-ff98-4da9-82e2-e4246c7b7990;Sodium I;Emission to air;unspecified;kg;8,47196E-07
;;;;;;;4573f0c9-0fdd-413f-ae74-e27290f40743;Sodium I;Emission to soil;unspecified;kg;0,451731325
;;;;;;;98eb1d16-9d7a-4716-9be4-1449341a832f;Sodium I;Emission to air;high population density;kg;0,000281902
;;;;;;;ba317646-ea99-4060-838f-7933b10f0033;Sodium tetrahydridoborate;Emission to air;high population density;kg;1,54218E-12
;;;;;;;7cf66fc2-b597-4c50-ab38-7d0aa813fd89;Sodium-24;Emission to water;fresh water;kBq;9,01319E-05
;;;;;;;78ef06c6-9fd3-4237-b077-48c932547412;Solids, inorganic;Emission to water;ocean;kg;4,33248E-06
;;;;;;;0b111253-26b5-4a03-97fb-ed7799c21797;Solids, inorganic;Emission to water;unspecified;kg;0,007590965
;;;;;;;ca53777e-d36e-4db0-95ce-009f1d8593b8;Solids, inorganic;Emission to water;ground water;kg;0,407966933
;;;;;;;f8448f5d-a27f-4fa9-a731-94cb3b9eb7f3;Spiroxamine;Emission to soil;agricultural;kg;7,05899E-09
;;;;;;;ae2c3adf-7f7d-4973-a8e8-3fe1300f8183;Strontium;Emission to air;low population density, long-term;kg;1,57053E-05
;;;;;;;8f1b69d9-fc00-4b46-99f9-7a57fd71dad2;Strontium;Emission to water;ground water, long-term;kg;0,099136826
;;;;;;;549b1a2a-6675-4bf9-b0d7-47a5113a9787;Strontium;Emission to water;fresh water;kg;0,002390776
;;;;;;;b26b758d-85cc-41b8-872c-3683caa638d1;Strontium II;Emission to water;unspecified;kg;7,86287E-11
;;;;;;;890c2697-3463-4466-bebb-aecc1e1e730b;Strontium II;Emission to air;low population density;kg;1,15966E-05
;;;;;;;4c0a6227-af22-45cb-b75b-b276ce0e4d47;Strontium II;Emission to soil;unspecified;kg;0,005628938
;;;;;;;070f9c6e-584d-40ed-8b07-6b1f7f75dd3f;Strontium II;Emission to water;ground water;kg;0,000946726
;;;;;;;836493d4-5c50-4713-b2a8-7979b830c1a5;Strontium II;Emission to water;ocean;kg;0,003916108
;;;;;;;0d9f52b2-f2d5-46a3-90a3-e22ef252cc37;Strontium II;Emission to air;unspecified;kg;6,69115E-08
;;;;;;;7f0873fe-731e-4b99-a384-17f0ad36a318;Strontium II;Emission to soil;agricultural;kg;1,11709E-08
;;;;;;;abb7f444-e74a-46b5-a6a5-080a847cbbc5;Strontium II;Emission to air;high population density;kg;1,34902E-05
;;;;;;;ee018b5e-c9c3-486b-aeb4-ef045a4e3ccd;Strontium II;Emission to soil;industrial;kg;1,20881E-05
;;;;;;;30b9fd62-6ca2-4fd9-bc3c-c12417e6c73d;Strontium-89;Emission to water;fresh water;kBq;0,000153462
;;;;;;;48524bfc-be91-406e-986b-9550744e0360;Strontium-90;Emission to water;ocean;kBq;0,137444095
;;;;;;;b8595a76-4c10-4093-bd23-1f667490ff33;Strontium-90;Emission to water;fresh water;kBq;12,44579356
;;;;;;;d85a44cb-8407-4997-a146-581e4f35f39d;Styrene;Emission to air;high population density;kg;1,05515E-07
;;;;;;;777a03c9-0e1f-44f0-a507-2032473a6f31;Styrene;Emission to water;fresh water;kg;1,47954E-15
;;;;;;;2d456fb8-592b-46a7-97f0-81fc2a18e587;Styrene;Emission to air;low population density;kg;9,30175E-07
;;;;;;;9cec94a2-e7fe-43f4-82f4-293c477f86dc;Styrene;Emission to air;unspecified;kg;3,94601E-06
;;;;;;;006aa3f7-59ba-450f-aa45-a2b2d1752647;Sulfate;Emission to air;low population density;kg;9,63599E-05
;;;;;;;9b00c244-fcce-4d38-922b-601a81f2ba34;Sulfate;Emission to air;unspecified;kg;4,35894E-06
;;;;;;;28bca51a-6cc7-46af-961a-fd2b675a1376;Sulfate;Emission to water;unspecified;kg;0,000771848
;;;;;;;a259eb99-e741-49e6-8b3f-8985c018be28;Sulfate;Emission to air;low population density, long-term;kg;0,003979469
;;;;;;;796c56b3-a863-444c-8b75-1412832af498;Sulfate;Emission to water;fresh water;kg;0,615803208
;;;;;;;557280c6-27c2-40a2-84ab-a98d2660ad91;Sulfate;Emission to soil;industrial;kg;3,00821E-12
;;;;;;;826677aa-8347-4494-85da-a26fe3e1e824;Sulfate;Emission to air;high population density;kg;0,001124909
;;;;;;;bfc0bf1c-e5e2-4702-a502-08c892031837;Sulfate;Emission to water;ground water, long-term;kg;23,04754102
;;;;;;;773cd2d2-5997-3fb4-b8f4-ab9e6e76106a;Sulfate;Emission to water;lake;kg;0,00194257
;;;;;;;4435f1ba-3d59-41da-9e1c-0c6f771e8d63;Sulfate;Emission to soil;unspecified;kg;0,000372958
;;;;;;;31eacbfc-683a-4d36-afc1-80dee42a3b94;Sulfate;Emission to water;ground water;kg;1,226199742
;;;;;;;5efff566-462f-4ded-b5b4-6761cf50c376;Sulfate;Emission to water;ocean;kg;0,022810915
;;;;;;;2094c764-dab5-4bea-9109-f631e5bcd5a8;Sulfide;Emission to soil;industrial;kg;6,99906E-12
;;;;;;;f81d4cc9-28ba-3cea-a671-7100d79f7a7c;Sulfide;Emission to water;lake;kg;1,67529E-08
;;;;;;;690641f5-8612-4057-983b-6e6129cf1a19;Sulfide;Emission to soil;unspecified;kg;0,001740621
;;;;;;;8af1b210-ae85-4b60-9644-d5d180075037;Sulfide;Emission to water;unspecified;kg;1,50093E-09
;;;;;;;4870313f-52a4-4c41-8a08-a25745f2fce9;Sulfide;Emission to water;ocean;kg;0,005315828
;;;;;;;f7ef52c3-1fc7-4c2f-b002-83fab5a50a7f;Sulfide;Emission to water;ground water;kg;0,000292038
;;;;;;;45fa8c92-6047-4bae-b70a-43a7e7730c7b;Sulfide;Emission to water;fresh water;kg;0,000772218
;;;;;;;24145938-f9e3-40ea-ab06-409187ca5d26;Sulfite;Emission to water;unspecified;kg;1,69002E-07
;;;;;;;4aed44df-760c-497f-ab37-ebbe7d2b15ff;Sulfite;Emission to water;fresh water;kg;0,000278673
;;;;;;;75f395bf-351b-4d95-9c9b-fdce145ae403;Sulfur;Emission to air;unspecified;kg;1,76048E-07
;;;;;;;bef4d768-a70e-3a28-84bf-43acf8d22521;Sulfur;Emission to water;ground water;kg;1,62779E-07
;;;;;;;0c2efb61-ac49-4ff1-9f66-7f1aff286b5e;Sulfur;Emission to water;fresh water;kg;0,000121085
;;;;;;;16f40b1c-f7c8-4100-9916-81a260493951;Sulfur;Emission to soil;industrial;kg;0,000725288
;;;;;;;d4049741-cef2-4edd-a3af-9728b9e3a568;Sulfur;Emission to soil;agricultural;kg;2,4107E-05
;;;;;;;5ac2254e-6b60-45f5-a700-6e0b93f411c8;Sulfur;Emission to water;unspecified;kg;2,86353E-10
;;;;;;;871b6f07-de14-48d4-b4aa-7745872c7e9a;Sulfur;Emission to water;ocean;kg;1,00605E-06
;;;;;;;32451556-ee07-4e36-bd8a-09f8847f9c83;Sulfur;Emission to soil;unspecified;kg;4,35909E-08
;;;;;;;8c52f40c-69b7-4538-8923-b371523c71f5;Sulfur dioxide;Emission to air;high population density;kg;0,092832197
;;;;;;;16521d00-4b6f-464f-b5dd-8da4a27b15ca;Sulfur dioxide;Emission to air;lower stratosphere + upper troposphere;kg;7,67958E-08
;;;;;;;78c3efe4-421c-4d30-82e4-b97ac5124993;Sulfur dioxide;Emission to air;low population density;kg;0,329843409
;;;;;;;fd7aa71c-508c-480d-81a6-8052aad92646;Sulfur dioxide;Emission to air;unspecified;kg;3,222638171
;;;;;;;c7c769bb-89b9-4459-afed-e3acecd39339;Sulfur hexafluoride;Emission to air;low population density;kg;3,71262E-06
;;;;;;;35d1dff5-b535-4628-9826-4a8fce08a1f2;Sulfur hexafluoride;Emission to air;unspecified;kg;0,000114862
;;;;;;;856c9aa2-c20c-49a8-9417-c71bdb5f17b0;Sulfur hexafluoride;Emission to air;high population density;kg;9,29008E-15
;;;;;;;16b7f067-6688-32fc-ad9e-21314a2dd232;Sulfur trioxide;Emission to water;unspecified;kg;9,39066E-13
;;;;;;;3268d8df-59cc-4740-a89f-dee8355ad7c3;Sulfur trioxide;Emission to air;unspecified;kg;0,066676046
;;;;;;;b00950bc-99cb-4ee2-bbc0-5f878ea170c3;Sulfur trioxide;Emission to air;high population density;kg;9,11135E-09
;;;;;;;9bb73c31-c01d-4384-b567-15c1544ae581;Sulfuric acid;Emission to soil;agricultural;kg;1,59912E-10
;;;;;;;7ecc2b66-8dde-4266-8832-f492f564377b;Sulfuric acid;Emission to air;high population density;kg;3,48009E-08
;;;;;;;5c9d8310-f7e1-4e98-8e73-7eece0435676;Sulfuric acid;Emission to air;low population density;kg;4,54917E-08
;;;;;;;99c65c6a-6871-40ba-af79-5bd6851688e4;Sulfuric acid;Emission to air;unspecified;kg;1,25763E-19
;;;;;;;51c35cf0-3417-4d42-936f-9a6fd7a2638a;Suspended solids, unspecified;Emission to water;ground water;kg;0,007386199
;;;;;;;5605d4e9-f2b7-3cc9-9cf5-c3219e678ad8;Suspended solids, unspecified;Emission to water;fossil-;kg;1,30247E-05
;;;;;;;51e2e882-ac35-334a-9864-79ade644a8f1;Suspended solids, unspecified;Emission to water;lake;kg;5,88254E-05
;;;;;;;dc08e010-0bf9-4a36-a1dd-779684c84b3b;Suspended solids, unspecified;Emission to water;ocean;kg;0,015135406
;;;;;;;693921ef-e02d-4072-add0-55aa4631b213;Suspended solids, unspecified;Emission to water;unspecified;kg;0,000683085
;;;;;;;b01462dc-5676-4b86-a3f6-bed1055e0e6b;Suspended solids, unspecified;Emission to water;fresh water;kg;0,009721643
;;;;;;;cdf99498-1489-4226-97ad-94fa85b0528b;t-Butyl amine;Emission to air;high population density;kg;3,36966E-10
;;;;;;;68b3e437-3381-4208-822d-f5dbb768a52d;t-Butyl methyl ether;Emission to water;fresh water;kg;6,37326E-10
;;;;;;;3d59d864-b6c3-4315-ab21-2c2ba2119ad1;t-Butyl methyl ether;Emission to water;unspecified;kg;5,79691E-10
;;;;;;;c5b4869c-f131-4a8c-911f-f252cafb2e30;t-Butyl methyl ether;Emission to water;ocean;kg;1,18332E-09
;;;;;;;beb69352-568e-4a33-b9d4-3b5bfafc85bd;t-Butyl methyl ether;Emission to air;unspecified;kg;2,4985E-07
;;;;;;;a793710a-1990-4e65-a95e-cfbbc5332355;t-Butyl methyl ether;Emission to air;high population density;kg;7,02954E-07
;;;;;;;c56e8024-a3ab-470c-8b3f-dd70ed38f83d;t-Butylamine;Emission to water;fresh water;kg;8,08726E-10
;;;;;;;fefc80a8-2c89-4b6d-a498-6afe5e35e758;tantalum;Emission to water;fresh water;kg;1,8021E-13
;;;;;;;a805071f-ce96-4d72-bdd5-4334d9aa3c23;Tebuconazole;Emission to soil;agricultural;kg;6,1153E-07
;;;;;;;ba7aa999-1469-4e78-8c27-41b08e77af47;Tebupirimfos;Emission to soil;unspecified;kg;3,67873E-10
;;;;;;;3d92a9a3-8942-4ed9-8522-fe027656e9e9;Tebutam;Emission to soil;agricultural;kg;4,85367E-07
;;;;;;;b5eb4783-f470-4bf5-800f-7e12ada63c1d;Technetium-99m;Emission to water;unspecified;kBq;0,000194641
;;;;;;;ad419049-3445-481f-97a3-3d4529ee924f;Teflubenzuron;Emission to soil;agricultural;kg;1,8845E-09
;;;;;;;273b51ae-dcc4-45c6-b8da-f6ba0313edf8;Tefluthrin;Emission to soil;agricultural;kg;2,89029E-10
;;;;;;;c6379349-6cf0-54c9-8bfe-2ec812501fda;Tellurium;Emission to air;unspecified;kg;2,02293E-11
;;;;;;;fe0acd60-3ddc-11dd-ac69-0050c2490048;Tellurium;Emission to air;unspecified;kg;4,06317E-09
;;;;;;;e3de5903-aa75-4d7b-a804-2c75248b4c6d;Tellurium-123m;Emission to water;unspecified;kBq;0,00013169
;;;;;;;fdba525b-f037-4018-b31d-abe3868ae256;Tellurium-132;Emission to water;fresh water;kBq;7,1265E-07
;;;;;;;15057e97-7b47-405e-8222-6ed5cf4e0087;Terbufos;Emission to soil;agricultural;kg;9,80934E-10
;;;;;;;d54e12bc-09e2-4e50-9371-78b3f407244f;Terbufos;Emission to water;fresh water;kg;2,59817E-20
;;;;;;;e5cf113b-af17-4b49-a15a-105b94f49096;Terbufos;Emission to air;unspecified;kg;4,15695E-19
;;;;;;;10b69d7a-018d-44c6-9a5e-e67fc9475b86;Terpenes;Emission to air;low population density;kg;7,74968E-07
;;;;;;;96bec6ea-fd71-48a1-ae8b-87a7b818eb77;Terpenes;Emission to air;unspecified;kg;6,08678E-11
;;;;;;;d2d4b344-3c58-4b0c-868a-ac0bdb2027dc;Tetrachloroethylene;Emission to air;high population density;kg;3,89716E-06
;;;;;;;91a4d977-09e4-4994-acce-8b32ee98d565;Tetrachloroethylene;Emission to water;fresh water;kg;3,40576E-18
;;;;;;;4b0d68e7-37bc-4184-93b5-91b70c62e585;Tetrachloroethylene;Emission to water;unspecified;kg;1,24591E-12
;;;;;;;754028fd-e650-4804-922e-694a764ba578;Tetrachloroethylene;Emission to air;low population density;kg;2,18198E-09
;;;;;;;6592e729-c2a4-4d33-86ca-5b86cdf7cdc7;Tetrachloroethylene;Emission to water;ocean;kg;1,40409E-21
;;;;;;;9bc66656-9f37-44bc-ae0b-5d5243b8137e;Tetrachloroethylene;Emission to air;unspecified;kg;1,09207E-10
;;;;;;;dfe1da1e-7756-4f7e-a393-6d5e2342a962;Tetrafluoromethane;Emission to air;high population density;kg;6,44543E-13
;;;;;;;33681770-a0e1-4ce8-93c3-941fd607fa5f;Tetrafluoromethane;Emission to air;unspecified;kg;5,34541E-06
;;;;;;;2a1c80de-a083-470b-80dd-ba11a5aeea8c;Tetramethyl ammonium hydroxide;Emission to air;high population density;kg;5,57092E-11
;;;;;;;18aa2daa-0188-4328-b24b-1ad1398ecf81;Thallium I;Emission to air;unspecified;kg;1,28248E-07
;;;;;;;db652d59-898e-46f3-acce-b28596c26dc7;Thallium I;Emission to water;fresh water;kg;3,11317E-07
;;;;;;;7da26881-518f-4b1b-87bf-7d1f633a7c1a;Thallium I;Emission to water;ground water;kg;6,35685E-08
;;;;;;;7e9baf19-8fa4-49c6-a3c2-2e875217e60b;Thallium I;Emission to water;ground water, long-term;kg;4,36635E-05
;;;;;;;9540d6dc-b589-4fbb-8260-1b6a88b8bf11;Thallium I;Emission to air;low population density;kg;9,33734E-09
;;;;;;;32fccda4-0d99-40ab-b65f-c7203080b62b;Thallium I;Emission to water;unspecified;kg;8,70344E-10
;;;;;;;50deb561-3de9-4b25-9b61-1695ad2dd136;Thallium I;Emission to air;high population density;kg;1,17427E-08
;;;;;;;4bafafca-ff89-46aa-9aaf-c93667df13a4;Thifensulfuron-methyl;Emission to soil;agricultural;kg;2,15618E-11
;;;;;;;f992dcb8-c19c-46b1-a36b-3053ef83b755;Thiram;Emission to soil;agricultural;kg;1,09712E-09
;;;;;;;d28f10c4-a8d0-4891-b7a4-362e12360079;Thorium;Emission to air;low population density;kg;5,01409E-10
;;;;;;;cb16ed3f-19b5-45c6-b504-b2be562d0002;Thorium;Emission to air;high population density;kg;1,40071E-08
;;;;;;;27d2b49d-9ecb-4b0a-80dc-9c6598464c6a;Thorium-228;Emission to water;ocean;kBq;0,114270189
;;;;;;;caae5c9b-66bf-4e1a-aa73-f84d11a41753;Thorium-228;Emission to water;ground water;kBq;4,68147E-08
;;;;;;;e12a5d26-dbc4-427c-a92e-3fdaf349df9f;Thorium-228;Emission to water;fresh water;kBq;0,054789958
;;;;;;;bae57811-0343-41be-97cf-2c74279dd638;Thorium-228;Emission to air;low population density;kBq;0,000665295
;;;;;;;6e769b2f-11ce-4ec1-ad99-a27c93361e72;Thorium-228;Emission to air;high population density;kBq;0,000608577
;;;;;;;ecc877ac-3c34-4838-b1f8-6ae0ff2cd2fc;Thorium-228;Emission to air;unspecified;kBq;1,19551E-07
;;;;;;;4eb24f81-0468-4b92-bae3-8b12dfc90438;Thorium-230;Emission to air;low population density;kBq;0,002219288
;;;;;;;1fc92346-b546-4eb4-9f2f-3f000c9b4ce6;Thorium-230;Emission to water;lake;kBq;0,000331669
;;;;;;;22d1736f-baa9-481e-9583-42654a6a7c26;Thorium-230;Emission to air;unspecified;kBq;0,001572669
;;;;;;;613f4eaf-afee-4934-877f-dc91aef6411f;Thorium-230;Emission to water;fresh water;kBq;1,936190516
;;;;;;;08ebf986-d40a-4538-8aa7-21da2f99edf7;Thorium-232;Emission to air;unspecified;kBq;1,87866E-07
;;;;;;;e17ab5b1-0e70-409c-b7fd-0a01e6a26de3;Thorium-232;Emission to air;high population density;kBq;0,000916904
;;;;;;;852118b9-043d-4db7-8b71-e3670fb280d2;Thorium-232;Emission to water;ocean;kBq;3,69615E-06
;;;;;;;4c54be62-05f1-4201-940d-f161537be704;Thorium-232;Emission to air;low population density;kBq;0,001049526
;;;;;;;cecaa388-029f-409d-b764-6523e0b8de79;Thorium-232;Emission to water;fresh water;kBq;0,004997725
;;;;;;;ffbe8447-6d78-46dd-8378-47019a82ce82;Thorium-232;Emission to water;ground water;kBq;2,10713E-07
;;;;;;;8e2a5517-13ff-4423-b1ec-3632b0a72bf5;Thorium-234;Emission to air;low population density;kBq;0,000873781
;;;;;;;898c1c27-5cc0-4713-89f6-1ab864aadc44;Thorium-234;Emission to air;unspecified;kBq;5,37009E-07
;;;;;;;9e13835a-58af-4809-a8b9-88a26a3a58b8;Thorium-234;Emission to water;fresh water;kBq;0,01925797
;;;;;;;85a764f2-a810-4b20-bc86-a45604262fda;Tin ion;Emission to soil;unspecified;kg;4,79888E-09
;;;;;;;7b66aae2-1d58-490b-8ee7-7677f93c4282;Tin ion;Emission to water;ground water;kg;3,45608E-07
;;;;;;;2a7b68ff-f12a-44c6-8b31-71ec91d29889;Tin ion;Emission to air;unspecified;kg;0,000124249
;;;;;;;df28f5b4-4754-4e51-ac98-31238976d7c7;Tin ion;Emission to water;fresh water;kg;2,22103E-06
;;;;;;;08a91e70-3ddc-11dd-9993-0050c2490048;Tin ion;Emission to water;ocean;kg;1,28462E-08
;;;;;;;63e8256a-8549-11e0-9d78-0800200c9a66;Tin ion;Emission to water;unspecified;kg;8,33371E-09
;;;;;;;8a422b03-1055-4bc8-b439-27bf8d7eef57;Tin ion;Emission to air;low population density, long-term;kg;9,0099E-07
;;;;;;;60a6702f-20ad-444f-a6df-f6374f1e3183;Tin ion;Emission to water;ground water, long-term;kg;0,000375145
;;;;;;;168c970b-91c9-4427-a3a0-6686ad6cc2c4;Tin ion;Emission to soil;agricultural;kg;3,62848E-08
;;;;;;;19b6e569-85a4-4ea9-a590-d61a21e3c846;Tin ion;Emission to air;high population density;kg;1,25701E-07
;;;;;;;f563b90e-a300-4403-b278-d2fdcd73e5a7;Tin ion;Emission to air;low population density;kg;6,29518E-06
;;;;;;;c701f32d-24aa-4929-a52e-fb45e8d1a143;Tin oxide;Emission to air;unspecified;kg;8,27727E-12
;;;;;;;f8f772bc-7204-4fda-aa97-080fd0f1b34c;Titanium ion;Emission to air;high population density;kg;2,98108E-06
;;;;;;;6bc9e39e-bfc5-4929-88d9-863684901143;Titanium ion;Emission to soil;unspecified;kg;2,80491E-08
;;;;;;;6089e9e4-f382-4066-9968-fc7e42b51066;Titanium ion;Emission to water;unspecified;kg;6,63537E-10
;;;;;;;08ba90dc-28c6-4c48-8e90-51b61139734f;Titanium ion;Emission to water;lake;kg;4,56896E-07
;;;;;;;a86c05d6-fd47-4f0d-8ece-559afa4fd339;Titanium ion;Emission to water;fresh water;kg;1,97E-05
;;;;;;;b3701449-fe4b-4513-b4a4-065e62f03e5c;Titanium ion;Emission to air;low population density, long-term;kg;0,000282223
;;;;;;;08fbcb07-e7a1-352c-b779-9d7c578059d5;Titanium ion;Emission to water;ground water, long-term;kg;0,014942883
;;;;;;;4a156a66-eb3e-4f87-90a2-ccd13bf942ff;Titanium ion;Emission to air;low population density;kg;7,87759E-08
;;;;;;;b15d845f-810e-4614-8633-af8bab2014ee;Titanium ion;Emission to air;unspecified;kg;9,64595E-07
;;;;;;;df8c7706-a6c7-37f7-81d6-5feb3dd08b92;Titanium ion;Emission to water;ground water;kg;1,03909E-05
;;;;;;;334f3d29-ec7d-4ca4-9e65-524c64c6649c;Titanium ion;Emission to soil;agricultural;kg;2,17492E-08
;;;;;;;08a91e70-3ddc-11dd-999e-0050c2490048;Titanium ion;Emission to water;ocean;kg;1,3734E-07
;;;;;;;95e24e9c-e1d9-3c71-8c32-fcf4b133dc10;TOC, Total Organic Carbon;Emission to air;high population density;kg;1,10615E-07
;;;;;;;9d73edf8-57c4-443b-80bd-e7cfaeeb93e0;TOC, Total Organic Carbon;Emission to water;fresh water;kg;0,026342254
;;;;;;;8734eb08-50cf-4f5a-8d1a-db76d38efe3c;TOC, Total Organic Carbon;Emission to water;ground water, long-term;kg;0,034459842
;;;;;;;d1c0567e-ff1a-4cb7-a4f0-de28b2d99b63;TOC, Total Organic Carbon;Emission to water;ocean;kg;0,036060969
;;;;;;;cec4a04d-562a-4a38-a98f-5fb3d07eea6b;TOC, Total Organic Carbon;Emission to water;unspecified;kg;0,001592372
;;;;;;;73b225ab-ddc4-4a38-9ed0-ceedee987424;TOC, Total Organic Carbon;Emission to water;ground water;kg;1,46084E-07
;;;;;;;89850512-9156-4915-9a49-2cc0c3d07382;TOC, Total Organic Carbon;Emission to soil;unspecified;kg;1,46059E-07
;;;;;;;63e8256b-8549-11e0-9d78-0800200c9a66;TOC, Total Organic Carbon;Emission to air;unspecified;kg;2,01593E-08
;;;;;;;c26b9e07-4540-4d7c-a1c0-75009b41542d;Toluene;Emission to water;fresh water;kg;5,51615E-05
;;;;;;;826c7733-9b0a-4ec5-9f35-32294f9138e3;Toluene;Emission to water;unspecified;kg;9,65753E-07
;;;;;;;39946c56-cdf6-4a22-9ac9-1cd333b65533;Toluene;Emission to air;high population density;kg;0,000162141
;;;;;;;3b1ecf8e-1d2c-4330-81da-a79f9068976d;Toluene;Emission to air;unspecified;kg;0,000389464
;;;;;;;f2d5f01a-3e16-4a6c-a3dc-f6ee9a728957;Toluene;Emission to water;ocean;kg;0,00015245
;;;;;;;77f17646-cede-4a49-99dd-55950098b077;Toluene;Emission to air;low population density;kg;0,000377305
;;;;;;;7e7dafac-5f96-495c-8a34-11fdc6e9f4e8;Triadimenol;Emission to soil;agricultural;kg;5,16959E-10
;;;;;;;395bf19a-d3e3-4185-9bee-141fdbfd6afe;Tribenuron;Emission to soil;agricultural;kg;5,37612E-11
;;;;;;;1e6fcd59-42a2-363c-875c-fbed481088f7;Tributylstannane;Emission to water;unspecified;kg;5,27861E-09
;;;;;;;f4498c00-c870-40fb-a2b3-49b6f522d324;Tributyltin compounds;Emission to water;ocean;kg;3,93421E-09
;;;;;;;4e23d775-13a1-4925-9f23-07c37bb1045d;Tributyltin oxide;Emission to water;fresh water;kg;3,22338E-09
;;;;;;;613c8699-aaaa-435d-9834-22620b96f87f;TRICHLOROETHANE;Emission to air;unspecified;kg;9,46927E-11
;;;;;;;3801ac00-aef4-4224-8d04-9d6734794719;Trichloroethylene;Emission to water;unspecified;kg;1,37569E-12
;;;;;;;33a69662-583b-45b8-8cb9-94f59fca9133;Trichlorofluoromethane;Emission to air;high population density;kg;7,00462E-12
;;;;;;;51e99a55-bcdb-4d18-9484-6de4b142e09d;Trichlorofluoromethane;Emission to air;unspecified;kg;2,31188E-05
;;;;;;;4b22b04e-4cfa-4a8c-b1da-6cd436d03ef6;Triethylene glycol;Emission to water;ocean;kg;7,48871E-09
;;;;;;;3350efd8-d98a-4683-9a13-ac69bab90c5f;Triethylene glycol;Emission to water;fresh water;kg;4,48299E-20
;;;;;;;e5ba3517-a93f-422e-9ce2-f1007fcf6c06;Trifluoromethane;Emission to air;unspecified;kg;5,6853E-08
;;;;;;;8f87dcf1-0177-4d62-bea0-a5dd8647ef8c;Trifluoromethane;Emission to air;high population density;kg;4,95873E-09
;;;;;;;5e2e1740-1bb9-4157-b816-6cb5aa006437;Trifluoromethane;Emission to air;low population density;kg;2,1488E-06
;;;;;;;d9a5b786-d06c-44af-a088-b070aa605d9b;Trifluralin;Emission to air;unspecified;kg;2,50726E-14
;;;;;;;c9bf4390-00fd-40f2-a010-c9d0a584eb77;Trifluralin;Emission to water;fresh water;kg;1,56699E-15
;;;;;;;91b452dc-ddbd-40a4-9281-33303109495e;Trifluralin;Emission to soil;agricultural;kg;9,37543E-07
;;;;;;;055bf521-b162-4172-b7db-da4df197d671;Trimethyl borate;Emission to air;high population density;kg;9,88971E-11
;;;;;;;971246f7-14d9-4ad5-98da-fc147dd8800f;Trimethyl borate;Emission to air;unspecified;kg;3,97685E-16
;;;;;;;37d7d60d-3682-4da4-aa64-99c51b5d524b;Trimethylamine;Emission to air;high population density;kg;9,3351E-11
;;;;;;;4b2fee8b-eb81-439a-bb0c-be075daec7af;Trimethylamine;Emission to water;fresh water;kg;2,83549E-10
;;;;;;;0131a35d-1d37-46ee-aed2-5ca12ac07ad4;Trimethylchlorosilane;Emission to air;high population density;kg;4,45859E-09
;;;;;;;fa442f6a-4fc6-4c57-942b-c84c6c41c8b4;Trimethylchlorosilane;Emission to air;unspecified;kg;7,13258E-17
;;;;;;;51c7daf4-14e1-45e9-aa67-051c4ddcd9da;Trinexapac-ethyl;Emission to soil;agricultural;kg;1,12922E-08
;;;;;;;9be02ae0-3170-4544-8665-f03a1b43f2bd;Tritium;Emission to water;unspecified;kBq;52,42503867
;;;;;;;22043b06-1981-45a5-bfbb-20ae6f253191;Tritium;Emission to air;unspecified;kBq;18,65112319
;;;;;;;0cdaaa7e-3c23-419d-8ad5-12dc93c2e1e3;Tritium;Emission to air;low population density;kBq;34,28635923
;;;;;;;58fabee9-b4b6-48ee-857a-e16ed31bb354;Tritium;Emission to water;ocean;kBq;2927,764169
;;;;;;;7282b430-0b75-426c-a8c0-6aff91985c0d;Tungsten;Emission to water;fresh water;kg;3,48704E-06
;;;;;;;714958de-a211-4a3c-8dce-848ccb79b094;Tungsten;Emission to air;low population density, long-term;kg;1,74766E-06
;;;;;;;3277c200-21e3-4b45-8dcc-97cdc2e4c245;Tungsten;Emission to water;ground water;kg;2,45768E-05
;;;;;;;89ca077d-583d-4293-8d32-248f12bd3e5b;Tungsten;Emission to air;low population density;kg;3,82596E-09
;;;;;;;10319ea8-90db-4340-be33-b7182dca01db;Tungsten;Emission to water;ground water, long-term;kg;0,000337235
;;;;;;;52317c31-7bdc-47de-9c23-ecf55127de75;Uranium;Emission to air;high population density;kg;1,86535E-08
;;;;;;;2d1bfd75-8b64-3f96-83d7-2dd01fd72a31;Uranium;Emission to water;unspecified;kg;4,79709E-09
;;;;;;;2e518059-747c-4ff1-8da3-17134c547ac2;Uranium;Emission to air;low population density;kg;2,55014E-10
;;;;;;;595f08d9-6304-497e-bb7d-48b6d2d8bff3;Uranium;Emission to air;unspecified;kg;3,32923E-10
;;;;;;;1cb0b78b-6fd5-4193-8144-d47478920ced;Uranium alpha;Emission to water;unspecified;kBq;0,505396408
;;;;;;;306f6179-2458-44a3-ab63-c0f9fdfe669c;Uranium alpha;Emission to water;lake;kBq;0,121572444
;;;;;;;16916dd2-a145-4cb2-9769-19c551b2ff5e;Uranium alpha;Emission to air;low population density;kBq;0,032338343
;;;;;;;67cb4d1f-1729-409a-945b-cd00a7c02eb5;Uranium-234;Emission to water;lake;kBq;0,000114224
;;;;;;;ac98d2a4-4985-49f9-b4e2-fc896ef145b6;Uranium-234;Emission to air;low population density;kBq;0,007176489
;;;;;;;1869fd74-ed68-4814-9596-12315b1e810d;Uranium-234;Emission to water;unspecified;kBq;2,12812E-09
;;;;;;;97db3d38-00fc-417e-a1e8-2fd4fa7dc191;Uranium-234;Emission to water;fresh water;kBq;0,027086652
;;;;;;;bf112355-f868-42b8-8f39-6f2901cc38b9;Uranium-234;Emission to air;unspecified;kBq;0,009250518
;;;;;;;28b4d99e-6111-4ef9-8c34-10f94fff9309;Uranium-234;Emission to water;ocean;kBq;0,000712539
;;;;;;;698d08b4-fee6-40d4-93dd-24a28d48df45;Uranium-235;Emission to air;unspecified;kBq;0,03400452
;;;;;;;6b44284d-6941-4ae6-815e-ce87f5b603bb;Uranium-235;Emission to air;low population density;kBq;0,000347274
;;;;;;;4d466648-95dd-4866-97ad-6008746d32ab;Uranium-235;Emission to water;unspecified;kBq;9,87467E-11
;;;;;;;620e4fde-d96a-4354-b354-53b8b4187d80;Uranium-235;Emission to water;fresh water;kBq;0,032698746
;;;;;;;821c383d-2f47-4b00-968c-88b269955a00;Uranium-235;Emission to water;lake;kBq;0,001846622
;;;;;;;c36056d2-5101-4198-b13b-fdc0a8cf27ee;Uranium-238;Emission to air;unspecified;kBq;0,045914657
;;;;;;;cf839cca-1e56-4758-9417-b9a15e414206;Uranium-238;Emission to water;lake;kBq;0,001846622
;;;;;;;16cd83f0-c5c0-4b6f-8dd0-26d4e3b9a017;Uranium-238;Emission to water;ground water;kBq;1,9595E-06
;;;;;;;e6aafd63-a6d5-41f7-9b82-45f791c7037c;Uranium-238;Emission to air;low population density;kBq;0,009621161
;;;;;;;543421e8-f0b3-45a2-b0ed-03489e878138;Uranium-238;Emission to air;high population density;kBq;0,002580045
;;;;;;;75ebd471-2671-4b1e-b6b7-e18ea4a4f26c;Uranium-238;Emission to water;fresh water;kBq;1,151305871
;;;;;;;c407952d-43b2-49c4-a756-26e5e76bfbbf;Uranium-238;Emission to water;ocean;kBq;0,004521825
;;;;;;;71d27d29-04f2-421a-981f-5c5c2b00486f;Uranium-238;Emission to water;unspecified;kBq;0,000130828
;;;;;;;7d54ebd3-7128-4465-a1a3-6592d8d030bd;Urea;Emission to water;fresh water;kg;5,11346E-10
;;;;;;;59e1e295-5efb-3dff-8379-8f3c75bec7a4;Used air;Emission to air;unspecified;kg;0,013601871
;;;;;;;4122276a-89a6-4e31-ad7d-19568cecf9ce;Vanadium V;Emission to soil;unspecified;kg;7,90828E-11
;;;;;;;2b17b6a0-2884-4ef4-9116-eb33ea77291d;Vanadium V;Emission to soil;agricultural;kg;5,43955E-10
;;;;;;;41dbbe1f-06e1-4a34-8497-5986be8f9e51;Vanadium V;Emission to water;ground water, long-term;kg;0,002041652
;;;;;;;1a5850a0-0069-4b73-bb91-7a61e8d45ae5;Vanadium V;Emission to soil;industrial;kg;3,65343E-12
;;;;;;;591b0a62-8064-4697-86ed-47bfa1f8b5e6;Vanadium V;Emission to air;unspecified;kg;0,000316139
;;;;;;;645687e9-58d1-36bf-a28c-9fe0735146c5;Vanadium V;Emission to water;lake;kg;1,88927E-06
;;;;;;;b8de5961-4e83-4731-bac1-77a4d01234a4;Vanadium V;Emission to air;low population density, long-term;kg;2,68053E-05
;;;;;;;481c0dd4-3ab2-47b5-94c4-b990e8a9dde5;Vanadium V;Emission to air;low population density;kg;6,25117E-06
;;;;;;;a3178646-f9e4-3a94-9988-e81e3935aea7;Vanadium V;Emission to water;ground water;kg;8,95866E-06
;;;;;;;20839113-fbf2-4d2f-bab8-66861f86bc60;Vanadium V;Emission to water;unspecified;kg;1,20722E-07
;;;;;;;a708a1f6-7297-45ba-8fda-47a1ce6f11c3;Vanadium V;Emission to water;fresh water;kg;4,12483E-05
;;;;;;;4d9a8790-3ddd-11dd-8dc2-0050c2490048;Vanadium V;Emission to water;ocean;kg;6,89059E-06
;;;;;;;2cba713d-ab0b-44cb-babb-f8cac262554f;Vanadium V;Emission to air;high population density;kg;0,000148885
;;;;;;;37b1a5b2-9b3b-4966-a979-084cf2091128;Vinyl acetate;Emission to water;unspecified;kg;9,10386E-10
;;;;;;;1d444a45-70c4-4718-8427-1c0fff91f88e;Vinyl acetate;Emission to air;unspecified;kg;1,36073E-07
;;;;;;;d3f2bf47-65db-4bc7-8334-eb5107e7585a;Vinyl chloride;Emission to water;unspecified;kg;8,3053E-09
;;;;;;;cfe43cd8-3356-4d29-bb02-5b9c9ede0aec;Vinyl chloride;Emission to water;surface water;kg;1,26012E-08
;;;;;;;2a51889e-9264-45df-9753-64c25a755d9e;Vinyl chloride;Emission to air;unspecified;kg;5,21552E-06
;;;;;;;127ff74d-018b-43b9-8a4e-fb5577d5ee5a;Vinyl chloride;Emission to air;high population density;kg;5,05568E-07
;;;;;;;7ae3bfc4-8532-11e0-9d78-0800200c9a66;VOC, volatile organic compounds;Emission to air;unspecified;kg;0,001912092
;;;;;;;f2b42152-1663-42c9-9be6-4e6bf2c643e4;VOC, volatile organic compounds;Emission to water;fresh water;kg;0,00015445
;;;;;;;67bd10f3-ac72-3da5-bd94-029e43ef4e3a;VOC, volatile organic compounds;Emission to water;unspecified;kg;2,77194E-10
;;;;;;;113746e5-66a9-4d8c-b72b-4a99e7fcd052;VOC, volatile organic compounds;Emission to water;ocean;kg;0,000204748
;;;;;;;a028e2af-de2b-4e29-9d6b-a56d6a50f10f;VOC, volatile organic compounds, unspecified origin;Emission to air;unspecified;kg;6,33247E-09
;;;;;;;bf1f5db7-15a6-4061-8c56-84ab05f709e5;VOC, volatile organic compounds, unspecified origin;Emission to water;fresh water;kg;3,61579E-05
;;;;;;;24e51bc3-7272-4f3e-8d94-c6009a116c89;Waste (deposited);Deposited goods;Stockpile goods;kg;0,331736313
;;;;;;;b242db32-4c73-494b-be0d-7d17a15361cc;Waste water;Emission to water;ocean;kg;0,013414222
;;;;;;;b61cc486-7a9d-3880-a2ae-1bc3a65d0f43;Waste water;Emission to water;unspecified;kg;3,97094E-05
;;;;;;;72721c4e-d589-4ad7-8c5e-4228b8690ddb;Waste water;Emission to water;fresh water;kg;0,036420492
;;;;;;;8864b4ad-7348-469e-b2d3-48610ffd4fca;Water;Emission to air;unspecified;kg;0,015321622
;;;;;;;ed3fdab8-6123-4c08-a25b-0a74a7fa779a;Water;Emission to water;ocean;kg;82397,39703
;;;;;;;5677a205-a4fb-44cd-9c62-05195db926a6;Water;Emission to air;lower stratosphere + upper troposphere;kg;0,00714
;;;;;;;6b99e3e0-59ed-43cf-a17b-d5edea71e1bd;Water;Emission to air;high population density;kg;0,058120154
;;;;;;;3564b893-744f-326d-a75d-a086409ef6ca;Water;Emission to water;unspecified;kg;3454628,54
;;;;;;;d0fa3cee-a088-49c0-b80e-f3acac182f0b;Water;Emission to air;low population density;kg;9,35946E-06
;;;;;;;5aee9bc1-ed53-4636-afee-d2cf6dd77c77;Water (evapotranspiration);Emission to air;unspecified;kg;89,54850731
;;;;;;;3fc1d5e2-8e32-480a-be55-45b7f42dd0d6;Water (river water from technosphere cooling water);Emission to water;fresh water;kg;472,023486
;;;;;;;1a88c7ff-be1f-4134-bf27-c09936d144a8;Water (river water from technosphere turbined);Emission to water;fresh water;kg;173909,2458
;;;;;;;f1bdb3e1-1235-4939-a4a0-6383caa42c63;Water (river water from technosphere, waste water);Emission to water;fresh water;kg;472,1340537
;;;;;;;4dee4b96-748e-41f7-8b4a-0b3c5c3ab691;Water (sea water from technosphere, waste water);Emission to water;ocean;kg;347,9776047
;;;;;;;fe0acd60-3ddc-11dd-ac04-0050c2490048;Water vapour;Emission to air;unspecified;kg;1448,740612
;;;;;;;b008a67c-8887-3277-9265-e67826016fab;Water, AE;Emission to water;unspecified;m3;1,04833E-06
;;;;;;;fcc4a095-013f-3c8a-a639-08b2fc14a0fb;Water, AO;Emission to water;unspecified;m3;2,51149E-05
;;;;;;;f1682565-09d7-3035-9a86-fa091d881b46;Water, AR;Emission to water;unspecified;m3;5,08366E-07
;;;;;;;7c8fd9d5-7d63-304f-92dc-f828a53b6fcf;Water, AT;Emission to air;unspecified;kg;1,564513973
;;;;;;;1dee5e4c-8599-32e3-8b54-e88d4dd784ce;Water, AT;Emission to water;unspecified;m3;6,60056E-07
;;;;;;;e611414e-1245-3c07-b7c4-6971ee4bf4bc;Water, AU;Emission to air;unspecified;kg;0,000430066
;;;;;;;dface97f-f556-3e56-bc75-0ef54d0207a5;Water, AU;Emission to water;unspecified;m3;2,83654E-07
;;;;;;;6ec88fe5-7d5f-32e0-9ece-6e1c322315fe;Water, AZ;Emission to water;unspecified;m3;1,08576E-05
;;;;;;;ace7b642-6e30-3cad-a04f-200b3b0c5d21;Water, BA;Emission to air;unspecified;kg;0,371651519
;;;;;;;98f556eb-e45d-3acd-bcdf-74f4f720310d;Water, BE;Emission to air;unspecified;kg;7,401689586
;;;;;;;1a7ccadf-90d4-3dd1-ad01-17c0ab9739ef;Water, BE;Emission to water;unspecified;m3;8,24428E-07
;;;;;;;e50d7a5a-6b25-39a4-8e1b-8d45c04162a3;Water, BR;Emission to water;unspecified;m3;8,59108E-08
;;;;;;;e21021ad-6c67-3885-bd39-6a1b9195af06;Water, BR;Emission to air;unspecified;kg;0,424745639
;;;;;;;a273328e-1dfc-3918-b58a-fa965dc45db2;Water, CA;Emission to water;unspecified;m3;1,94888E-05
;;;;;;;70591a6d-0ee4-3918-852b-d32e3d830027;Water, CA;Emission to air;unspecified;kg;6,01657E-05
;;;;;;;301f2cb6-9672-3d86-ab17-b04d283656da;Water, CH;Emission to air;unspecified;kg;47,9019454
;;;;;;;f6080ed9-2b32-318e-9873-fdcf738eb819;Water, CH;Emission to water;unspecified;m3;0,000228649
;;;;;;;116e84cf-7faa-32b5-b7c8-dc3fdefd67a7;Water, CL;Emission to air;unspecified;kg;1,53354E-07
;;;;;;;9b709486-884f-3e43-8acd-28289ca79b0e;Water, CL;Emission to water;unspecified;m3;1,70223E-10
;;;;;;;315bad13-6e3d-3a70-9163-d9502cc768db;Water, CN;Emission to water;unspecified;m3;0,000468664
;;;;;;;2355612a-480c-3491-9353-08dc2d657bbc;Water, CN;Emission to air;unspecified;kg;1,34550558
;;;;;;;44c1c65e-d7ac-3836-bdee-c186cd62c244;Water, CO;Emission to water;unspecified;m3;5,07644E-07
;;;;;;;c87a653e-d6c6-3475-be9c-4a5466767cf7;Water, CS;Emission to air;unspecified;kg;3,96728E-06
;;;;;;;6c7eed8d-b523-39e6-8fc2-6d0eb272e931;Water, CZ;Emission to air;unspecified;kg;6,120706622
;;;;;;;4b252136-e335-394e-8339-d016b00b3af7;Water, CZ;Emission to water;unspecified;m3;1,47615E-06
;;;;;;;82e79c0e-da25-3712-b4c9-b5227131791e;Water, DE;Emission to water;unspecified;m3;3,17607E-05
;;;;;;;c5143ea9-2dbd-34a7-be34-c3d0c390c493;Water, DE;Emission to air;unspecified;kg;105,3934788
;;;;;;;146f6bbc-070d-3f4e-ab2a-906d9ea1886b;Water, DK;Emission to water;unspecified;m3;3,21029E-07
;;;;;;;331785e5-d4e6-3d59-aab4-523c3335c226;Water, DK;Emission to air;unspecified;kg;0,000289216
;;;;;;;1a27d732-bdf4-3f6c-aec8-60afb72100c3;Water, DZ;Emission to water;unspecified;m3;0,000276549
;;;;;;;75803b53-729a-31a9-9688-cf421eb503e1;Water, EC;Emission to water;unspecified;m3;3,52506E-07
;;;;;;;1500f428-1bc5-3b5b-b8b1-d76c17165705;Water, EG;Emission to water;unspecified;m3;1,26891E-05
;;;;;;;0d916b8a-9859-3e91-8b54-5d77f122bab2;Water, ES;Emission to air;unspecified;kg;36,48740103
;;;;;;;bc96b205-2ac3-356c-9348-3d9180e6f7e7;Water, ES;Emission to water;unspecified;m3;3,0314E-06
;;;;;;;7a05c50a-c884-3f7d-bdb4-ae8fe2a59d2b;Water, Europe;Emission to air;unspecified;kg;3,666443457
;;;;;;;b9fd18fc-2ee5-36f7-b739-440e831d3477;Water, FI;Emission to water;unspecified;m3;6,82306E-08
;;;;;;;c4147102-fe11-3857-a3a4-f063f92bd8fd;Water, FI;Emission to air;unspecified;kg;6,1469E-05
;;;;;;;2532ad6d-4361-3506-ad1c-30c1428e3d07;Water, FR;Emission to air;unspecified;kg;1,754037651
;;;;;;;39c34b78-35fe-3932-8866-af14c1ef822d;Water, FR;Emission to water;unspecified;m3;2,39586E-06
;;;;;;;896c1a72-f609-3b0e-a4e1-8ed678e1b102;Water, GB;Emission to air;unspecified;kg;0,011755297
;;;;;;;1a3a3a87-cd57-3f58-b363-1e40a8326edc;Water, GB;Emission to water;unspecified;m3;5,6675E-07
;;;;;;;b652defd-aeb8-3c52-a76d-08f7bc13e6df;Water, GQ;Emission to water;unspecified;m3;7,0308E-18
;;;;;;;91f06f27-d8d9-30ec-bec0-b439985fb132;Water, GR;Emission to water;unspecified;m3;8,14996E-07
;;;;;;;2d22399c-53c4-3412-9516-aeb71f2f22f6;Water, GR;Emission to air;unspecified;kg;1,295803297
;;;;;;;6f520895-d257-3a69-ac4d-2ea3adb6645c;Water, HR;Emission to air;unspecified;kg;0,621042017
;;;;;;;4c5520ef-e627-34aa-adc2-e8b6ef69afcf;Water, HU;Emission to water;unspecified;m3;1,27281E-06
;;;;;;;97435e8a-5ce8-3800-a895-31af4f7e25f7;Water, HU;Emission to air;unspecified;kg;0,001146678
;;;;;;;f279687b-4634-39f6-90e5-d338f4788905;Water, ID;Emission to water;unspecified;m3;8,36445E-08
;;;;;;;66fb27c2-c0e3-3eb5-be52-06e5749edcba;Water, IE;Emission to water;unspecified;m3;4,60109E-08
;;;;;;;26950dc0-37cf-329c-af2f-08fbc0fc0988;Water, IE;Emission to air;unspecified;kg;1,641795977
;;;;;;;d80d764d-6a49-3688-b1fd-65e0b1501be4;Water, IL;Emission to air;unspecified;kg;4,7723E-08
;;;;;;;8346e0e9-d99a-3a47-a6db-d5aac8f2b117;Water, IL;Emission to water;unspecified;m3;5,29725E-11
;;;;;;;a3e87835-8723-3005-b2a3-4a5fe2da48ff;Water, IN;Emission to water;unspecified;m3;7,17177E-07
;;;;;;;66304489-1272-3773-a33f-25976edfd3ae;Water, IQ;Emission to water;unspecified;m3;1,37951E-05
;;;;;;;9200b631-008c-316e-8fc2-60abefd273f8;Water, IR;Emission to water;unspecified;m3;2,43468E-07
;;;;;;;c8fb0d02-a3fa-37b5-a02b-58f78f5c88bb;Water, IT;Emission to water;unspecified;m3;8,84245E-06
;;;;;;;5ba1bf90-fa3f-388b-b65b-7427c8fe6863;Water, IT;Emission to air;unspecified;kg;0,631049404
;;;;;;;dce9950a-7c40-363e-83c4-09f3a2230a28;Water, JP;Emission to air;unspecified;kg;0,0029536
;;;;;;;5f0983e4-139f-3f15-851c-cc728f86e7d2;Water, JP;Emission to water;unspecified;m3;4,85751E-10
;;;;;;;fc29eb5e-0162-3f77-8838-b238d3b4cea2;Water, KR;Emission to air;unspecified;kg;0,143334015
;;;;;;;789b4e49-86bb-3685-bcce-a6a0c24f3bc7;Water, KR;Emission to water;unspecified;m3;9,3015E-05
;;;;;;;36508f9f-395e-3d19-8ba7-1614c7727d49;Water, KW;Emission to water;unspecified;m3;9,0891E-07
;;;;;;;7b56eb77-cb09-3c2a-a307-ec63f90a3da2;Water, KZ;Emission to water;unspecified;m3;3,59098E-05
;;;;;;;1ce7e7a9-ce00-3302-973f-ebc45723bb70;Water, LU;Emission to air;unspecified;kg;4,241579839
;;;;;;;e2c8763f-7e01-32a1-bad4-ffdc66c798af;Water, LU;Emission to water;unspecified;m3;1,95267E-08
;;;;;;;9ab7aa5d-9812-3706-9452-735d4f5c7895;Water, LY;Emission to water;unspecified;m3;2,43428E-05
;;;;;;;f7615642-73fd-3774-839f-d23c91b9e8bb;Water, MX;Emission to water;unspecified;m3;1,67044E-06
;;;;;;;bfa5d0c0-374a-34eb-88f4-0b514aff3282;Water, MX;Emission to air;unspecified;kg;6,61725E-08
;;;;;;;31196fb3-1549-38bd-bc9b-0271178d4467;Water, MY;Emission to air;unspecified;kg;0,032520897
;;;;;;;9048d9b8-3e23-341c-8309-66e2bab1a3b8;Water, MY;Emission to water;unspecified;m3;7,85137E-06
;;;;;;;f53cd01a-429f-3c68-9104-d851478a582a;Water, NG;Emission to water;unspecified;m3;7,17271E-06
;;;;;;;9ea5d1a0-b6d3-361e-9622-b43e6867a719;Water, NL;Emission to water;unspecified;m3;6,56402E-06
;;;;;;;0efc358d-6450-378f-99e8-f67904d41256;Water, NL;Emission to air;unspecified;kg;0,00183025
;;;;;;;2d7c74f8-7351-3162-bf20-38cd98e57f7f;Water, NO;Emission to air;unspecified;kg;7,239635959
;;;;;;;c7c142c6-6b81-32cd-865c-b75e2b692b51;Water, NO;Emission to water;unspecified;m3;4,08845E-08
;;;;;;;58fa4e22-3803-30c5-880f-e08a1f96aeeb;Water, NZ;Emission to air;unspecified;kg;1,33865E-09
;;;;;;;8891ed74-b2ee-3687-b496-163193629141;Water, NZ;Emission to water;unspecified;m3;1,4859E-12
;;;;;;;74fc15d0-0edc-3ff6-8532-f484bf7ac361;Water, OECD;Emission to air;unspecified;kg;33,57299117
;;;;;;;996ac4d2-6dd8-31f5-a8fa-fb6e3dc8e8a2;Water, OM;Emission to water;unspecified;m3;1,09491E-06
;;;;;;;8f7584d7-01cf-3b06-a2fb-025aef6152d7;Water, PE;Emission to water;unspecified;m3;3,49121E-06
;;;;;;;a6f7af6d-5d03-37c3-92c1-3c7ec700b2e8;Water, PL;Emission to water;unspecified;m3;2,48373E-07
;;;;;;;d3cf558d-1520-3ce6-8d61-17a0687d9005;Water, PL;Emission to air;unspecified;kg;7,557282269
;;;;;;;9669feea-cb71-3a08-a3d3-211dbf3e8dca;Water, PT;Emission to water;unspecified;m3;3,58262E-07
;;;;;;;cb70e681-7ff8-3f19-971d-cbea5477b81a;Water, PT;Emission to air;unspecified;kg;16,06765373
;;;;;;;1410e5b4-1e67-3cb8-b9b6-b277d1897d48;Water, QA;Emission to water;unspecified;m3;1,91606E-05
;;;;;;;1de7b6d8-2b99-3cd8-8d98-452a5b952df0;Water, RER;Emission to air;unspecified;kg;0,110766004
;;;;;;;38d0827f-25eb-311d-bd7f-9dcf17401b5c;Water, RER;Emission to water;unspecified;m3;0,060222226
;;;;;;;85ac64f9-3ad8-3c36-8f73-2507d0400a8f;Water, RO;Emission to water;unspecified;m3;6,17159E-07
;;;;;;;731adefc-57d1-301d-b4a1-d6bba3cd85f9;Water, RU;Emission to water;unspecified;m3;0,000282824
;;;;;;;6f39ef2f-4e3b-3f84-900b-252427d45d0b;Water, SA;Emission to water;unspecified;m3;7,22485E-06
;;;;;;;b5bfee87-231c-3f88-b3e9-71b2464eeaf3;Water, SE;Emission to water;unspecified;m3;3,98827E-07
;;;;;;;fb2ba34f-6fa6-33c5-8a06-7f6832e28dbd;Water, SE;Emission to air;unspecified;kg;0,307019452
;;;;;;;e1719985-12b1-3983-8b2b-4a76a7d7e71e;Water, SI;Emission to air;unspecified;kg;1,748411903
;;;;;;;484d948e-3c82-3806-9b10-75e0250b8cd7;Water, SK;Emission to air;unspecified;kg;1,968799952
;;;;;;;6fbd3c82-de27-3743-87ae-35df6dd76a15;Water, TH;Emission to air;unspecified;kg;5,03411E-07
;;;;;;;c302a479-f891-39b1-acc1-785af3498ed1;Water, TH;Emission to water;unspecified;m3;5,58786E-10
;;;;;;;d1c67064-9b54-3620-bca8-3583928c4b69;Water, TM;Emission to water;unspecified;m3;3,38852E-06
;;;;;;;b5963477-68d7-39b7-b3c4-8848ef7b3f26;Water, TR;Emission to water;unspecified;m3;1,88436E-10
;;;;;;;07cc7464-738b-378f-a832-7a50a0bf9963;Water, TR;Emission to air;unspecified;kg;1,69763E-07
;;;;;;;caa2cce6-891c-3be6-8abc-cac41596df7f;Water, TT;Emission to water;unspecified;m3;6,63303E-06
;;;;;;;689ee1ff-75ef-3833-8b99-344e60af99f1;Water, UA;Emission to water;unspecified;m3;4,39689E-07
;;;;;;;c0643eed-f3d6-3711-9e93-7c9293b8db2d;Water, US;Emission to air;unspecified;kg;0,066809202
;;;;;;;9a18c383-d624-3134-9357-08a774408831;Water, US;Emission to water;unspecified;m3;0,001370383
;;;;;;;5f9c4967-a877-3264-bf3c-e8abf414d2f2;Water, UZ;Emission to water;unspecified;m3;9,15001E-07
;;;;;;;c3c955b6-ea7d-32a8-ac85-a278f947d1ff;Water, VE;Emission to water;unspecified;m3;4,33796E-07
;;;;;;;2d198645-952f-31eb-adee-ed83ea399b32;Water, ZA;Emission to water;unspecified;m3;8,15786E-11
;;;;;;;56b25731-7e29-3ae1-8267-7012d463c9af;Water, ZA;Emission to air;unspecified;kg;0,003053065
;;;;;;;e6183e67-e45e-4d8d-a9ec-85ba8d7d1600;Xenon-131m;Emission to air;unspecified;kBq;0,486934966
;;;;;;;b13777bb-a8b6-4be4-8f6b-675ac75f31b2;Xenon-131m;Emission to air;low population density;kBq;0,432130697
;;;;;;;fe85df5c-5587-4a5f-a33b-c6e2b240e238;Xenon-133;Emission to air;unspecified;kBq;25,91898155
;;;;;;;f5f7c4c3-ce9d-47ec-8c97-62d70b286203;Xenon-133;Emission to air;low population density;kBq;14,98913446
;;;;;;;9d95796e-84c7-4a73-aaba-8ad4f664e58f;Xenon-133m;Emission to air;low population density;kBq;0,062165074
;;;;;;;f5e7f3b4-6423-4914-bb36-d6f52b8e5dbb;Xenon-135;Emission to air;unspecified;kBq;15,54770078
;;;;;;;14ca107c-315a-410b-af1b-35a886faebce;Xenon-135;Emission to air;low population density;kBq;4,969031869
;;;;;;;b3fd01ce-4eb3-461f-8639-4c7aa166f40e;Xenon-135m;Emission to air;low population density;kBq;2,508361196
;;;;;;;001790f3-fd86-4a0d-a2a1-06c7099d90c8;Xenon-137;Emission to air;low population density;kBq;0,049471968
;;;;;;;47859760-4329-4dde-9c61-2e7a2401d3c5;Xenon-137;Emission to air;unspecified;kBq;1,425407402
;;;;;;;2cbfe861-7436-4a43-8892-f057320dc57d;Xenon-138;Emission to air;unspecified;kBq;1,770504496
;;;;;;;7c44db6f-bf0e-4a63-bd94-d376ec941786;Xenon-138;Emission to air;low population density;kBq;0,432758324
;;;;;;;2aff27b3-72b7-4ec7-8960-e99ec776c92b;Xylene;Emission to water;fresh water;kg;5,46156E-05
;;;;;;;045f7de9-60d5-4916-a504-5a1002a6e97e;Xylenes, unspecified;Emission to water;unspecified;kg;6,8034E-07
;;;;;;;ed8da356-ed40-4a35-8de4-57aee1d3c279;Xylenes, unspecified;Emission to air;high population density;kg;0,000550107
;;;;;;;6d9e9a11-4d99-4489-a0ab-4cd1b6b8eaef;Xylenes, unspecified;Emission to water;ocean;kg;0,000123383
;;;;;;;5c234628-ab1e-4284-ae2b-f1c2f6883f71;Xylenes, unspecified;Emission to air;unspecified;kg;0,003101801
;;;;;;;a1d277aa-7aea-4b5e-8aa9-2789ba8ff333;Xylenes, unspecified;Emission to air;low population density;kg;0,000932055
;;;;;;;7213c990-49f1-4416-b154-64fba3771f50;Zinc II;Emission to water;fresh water;kg;0,000161052
;;;;;;;b88999ec-84fd-462d-9dec-7e20a4636a58;Zinc II;Emission to soil;industrial;kg;1,81337E-05
;;;;;;;8f871bab-96dc-49d9-bf08-12cdd0715901;Zinc II;Emission to air;low population density, long-term;kg;2,775E-05
;;;;;;;362273f9-268a-389b-ae22-3d2e05364188;Zinc II;Emission to soil;agricultural;kg;3,8263E-06
;;;;;;;08a91e70-3ddc-11dd-94eb-0050c2490048;Zinc II;Emission to water;ocean;kg;0,00035414
;;;;;;;2c7be02c-791f-4fef-b231-b90321bbeb30;Zinc II;Emission to water;unspecified;kg;3,89508E-06
;;;;;;;29650884-f650-3ebe-918a-030f507b9ef1;Zinc II;Emission to air;lower stratosphere + upper troposphere;kg;3,07948E-15
;;;;;;;748f22a9-eba4-4726-bef5-92c7442ce189;Zinc II;Emission to air;high population density;kg;7,18751E-05
;;;;;;;b95cb822-0266-3cc3-910d-3294e55abbee;Zinc II;Emission to air;unspecified;kg;8,73971E-08
;;;;;;;7e769b3e-03fb-4b53-be15-85a910dcfea9;Zinc II;Emission to water;ground water;kg;6,38904E-05
;;;;;;;a2809853-b54e-47e3-b8c1-3e95c80532f9;Zinc II;Emission to water;lake;kg;5,47031E-07
;;;;;;;ada3ecfe-8244-4389-bcce-e83ca4f66e09;Zinc II;Emission to air;low population density;kg;0,000108914
;;;;;;;77887584-ddca-4920-952c-3609730e0c13;Zinc II;Emission to soil;unspecified;kg;5,51687E-06
;;;;;;;84aa799e-9d98-4d34-85e0-516d28ab1be9;Zinc II;Emission to soil;agricultural;kg;1,94431E-05
;;;;;;;bdce3a7c-e008-4391-be26-285f71a02453;Zinc II;Emission to water;ground water, long-term;kg;0,035965859
;;;;;;;5ce378a0-b48d-471c-977d-79681521efde;Zinc II;Emission to air;unspecified;kg;0,000144543
;;;;;;;4d9a8790-3ddd-11dd-9448-0050c2490048;Zinc oxide;Emission to air;unspecified;kg;1,65545E-11
;;;;;;;8a0742e8-1cd4-445a-ae66-7cb80d43c3cf;Zinc-65;Emission to water;fresh water;kBq;0,00082681
;;;;;;;cf5e52c1-b1fc-46c8-b6f9-8e085657632e;Zinc-65;Emission to air;low population density;kBq;3,34817E-07
;;;;;;;eebb4011-af1d-4a45-8bc5-a20b6c06fbf4;Zirconium;Emission to air;low population density;kg;6,20721E-09
;;;;;;;fa260f53-4850-4585-9b67-5cdbc603c5ef;Zirconium-95;Emission to air;low population density;kBq;4,9641E-07
;;;;;;;610bb3e9-3cb2-4d50-ad44-83d860736b86;Zirconium-95;Emission to water;fresh water;kBq;1,39552E-05
